"","Gene","mean","median","sd","max","Patient_ID","Sample","Tissue","Timepoint","Annotation","BestResponse","Residual"
"STAT1","STAT1",0.988606438,0.78149779,0.969348307038872,5.40607415,0.111616938269783,0.00530575681347252,0.000405798981398083,0.000000000672652364323195,0,0,0.882671505262694
"LAMP2","LAMP2",1.190522597,1.01422265,1.06858539122591,5.13305915,0.0605017463448444,0.00252159095465279,0.00350114477239368,0.000530400763235228,0,0.0109858158085365,0.921959301356337
"ACTB","ACTB",3.891882143,4.2824446,1.50282024209294,6.5323721,0.0471058583037188,0,0,0.00000000020466821415314,0.0340403740552374,0.00000000321139033978449,0.918853764224985
"PTPN2","PTPN2",1.113328092,0.8715777,1.02770081046167,5.63086605,0.0445553646209985,0,0,0.0064490623859922,0,0,0.948995572993009
"TGFB1","TGFB1",1.268234099,0.95420471,1.195217512948,6.02065647,0.0371876107013173,0.000000000419054306132059,0.00000000253752408995662,0,0.0062226160555478,0,0.956589770286556
"JAK2","JAK2",1.124141053,0.9076324,1.01658905326,5.39820006,0.0358360295528934,0.0113340648733254,0,0,0,0.00000000558907670941312,0.952829899984704
"S100A4","S100A4",1.40874663,1.07240987,1.28349438505905,6.67909543,0.0357500339769333,0.0660888754847796,0.0000000100982400093484,0,0.000000000187194652208128,0,0.898161080252852
"CCR1","CCR1",0.58028046,0.088390511,0.998711516632024,5.864976698,0.0355276144631437,0.0163109357173548,0,0,0,0.0000000111395433332919,0.948161438679958
"KRAS","KRAS",0.960618155,0.78888325,0.893286458936044,6.01410969,0.0337135644022683,0.0038490354022515,0.000000000823019426707719,0.000000000985201410100632,0,0.0000000148936312841734,0.962437383493628
"IGKC","IGKC",0.515968616,0.026947931,1.22085773308189,6.957591745,0.0334684067578624,0.00000000866188454102472,0.0000000031529634126365,0,0.0032478364605901,0,0.9632837449667
"CTSD","CTSD",1.21571099,0.92443553,1.1933886906854,6.44517741,0.031301214720629,0.00694728956535613,0,0.00000000013892920194923,0,0.0108365860420257,0.95091490953306
"MX1","MX1",0.589174009,0.37142417,0.767525550451185,5.22701702,0.0309957956905288,0.00429608145073396,0.000000306932374347573,0,0.00131666460953367,0,0.963391151316829
"LAMP1","LAMP1",1.688493984,1.6259379,1.20774635173399,6.4451774,0.0300021134366383,0,0.000000000445916347202668,0,0.0166232538627937,0.0171892053404727,0.936185426914179
"PTPN6","PTPN6",1.18150135,0.66750834,1.27868487085241,6.59420997,0.0299301383333062,0,0.00792934954031522,0.00137264102163786,0,0,0.960767871104741
"PSMB10","PSMB10",0.633926587,0.43553821,0.764899393778368,5.85708949,0.0297605989767879,0.0123416237808609,0.00000000183506543424213,0.00366401627656533,0.000000000482440712333605,0.000000000959693699368946,0.954233757688586
"IFNGR1","IFNGR1",1.570035002,1.45194815,1.26635490517231,6.103716,0.0289088193316956,0,0.00205051912792618,0,0,0,0.969040661540378
"TNFRSF1B","TNFRSF1B",1.103014837,0.5165338,1.25858814595608,5.63086605,0.0267167420168479,0,0,0,0.0167052249312979,0.00000034920507541458,0.956577683846779
"IL15","IL15",0.299931978,0.13808319,0.49441225936529,5.40607415,0.0256400976869155,0,0.000000000173604644981162,0.0002797758527666,0,0,0.974080126286713
"CD86","CD86",0.390479044,0.035826717,0.73549515935763,4.703178847,0.0250699752344667,0.0169258313708256,0,0,0,0.000000000177729166243463,0.958004193216979
"C3","C3",1.756297559,1.15513644,1.77696815801354,7.17270093,0.0250516430069871,0.0198080519229785,0,0.000000000189628558489429,0.0186575142129903,0,0.936482790667416
"PTPRC","PTPRC",1.099932104,0.251278859,1.37693007139515,5.308965574,0.0247823537951271,0.0115224903752753,0.00375317660669218,0.000684779059658909,0.0120274833229601,0.00384448015300963,0.943385236687277
"CSF1R","CSF1R",0.893115901,0.095848644,1.53738755275195,5.767067219,0.0247343260627782,0.00308310594375259,0.00133558281838958,0,0,0.0182118856314061,0.952635099543674
"IGHG2","IGHG2",0.313952916,0,0.960322857804814,6.374284521,0.0238968314184159,0.0159320162948577,0,0.000000817791017920192,0.00339338647080867,0.00000000767065293820228,0.956776940354247
"MZB1","MZB1",0.242244765,0,0.889209215192639,5.871700457,0.0236373666313944,0.000000000212981955560198,0,0.0119082400999172,0.000000000139303079675921,0,0.964454392916403
"CD44","CD44",0.93920236,0.63551492,0.97588960040227,5.77453242,0.0234853581577053,0.0102211278233464,0.000011533841415735,0.00104293564027708,0,0.000000315654520516743,0.965238728882735
"CALR","CALR",2.560275974,2.6798758,1.39795043589474,6.7547369,0.0233851862404839,0.0191382815409848,0.00000000078349407369635,0,0.00816140088737177,0.00000000637316948440732,0.949315124174496
"TXLNA","TXLNA",0.8683296,0.78362487,0.833286993307754,6.44517741,0.022968061648421,0.0010531548686885,0,0.00391819214598281,0.000000000575445564150633,0.0000000023243181604778,0.972060588437144
"CENPF","CENPF",0.214591921,0,0.698086259148535,5.398200061,0.022940085071505,0,0,0,0.00962030129885407,0.000000000426309867501966,0.967439613203331
"SOCS1","SOCS1",0.162327908,0,0.450072956077253,5.172101805,0.0229321261435835,0,0,0,0.00415230561711512,0,0.972915568239301
"CD4","CD4",0.964624724,0.26861959,1.28596877395657,6.32056278,0.0225491583545542,0.000000000118775312365278,0,0.00491289401657483,0.00000000203892013099386,0.00519414836834198,0.967343797102834
"G0S2","G0S2",0.159454647,0,0.542522839104291,6.664920946,0.0225174132287935,0.0160365242733774,0.0000000105915838625522,0.000144552153500252,0.00790779909950713,0.0000000129249709707397,0.953393687728267
"AIF1","AIF1",0.584717036,0.11115939,0.97794157875088,5.45290381,0.0224471154456302,0.0342543234291922,0,0.000000000302849040332383,0.000000000222454675707045,0.0154139220640458,0.927884638535828
"CCR7","CCR7",0.087942601,0,0.313016046361766,4.717929849,0.0224356967005527,0,0.000000000106328365935655,0,0,0,0.977564303193119
"CD163","CD163",1.279657037,0.316979224,1.87883616113274,6.562975629,0.0219851008965189,0.0151541760390884,0,0,0,0.0192998562990894,0.943560866765303
"JAK3","JAK3",0.923630662,0.45552799,1.13056456197207,5.8649767,0.0214861805342612,0.0082026399685891,0.00525142062801301,0,0,0.000000000595379537591578,0.965059758273757
"CORO1A","CORO1A",1.004249986,0.17543844,1.37075380515532,5.55213689,0.0212991319362258,0,0.00000000557462227942106,0,0,0.000000000249791271575545,0.978700862239361
"ARPC5","ARPC5",0.82646823,0.61071209,0.92624566022627,6.85196394,0.0209273644523565,0.0000000060276830491878,0,0.0000000149938093473301,0.000000153350352510182,0.0000000430210416810966,0.979072418154757
"PTPN1","PTPN1",0.956918679,0.76383096,0.95522836588282,5.56568331,0.0205722299473278,0.000000001094022449864,0.000000000262713473991626,0,0.0148363161149638,0.000000000530744589907899,0.964591452050228
"ARPC3","ARPC3",0.69136876,0.44383606,0.826972020213528,5.48054009,0.0202559211398906,0.000000000133639240375216,0,0.000000000120626636270826,0,0,0.979744078605844
"CD14","CD14",0.462199529,0.053511023,0.882173617068866,5.228097614,0.0202075191080227,0.00722893894040635,0.0000000026533185387623,0.000000019301269002386,0,0.00000103556957895207,0.972562484427404
"LGMN","LGMN",1.402328047,0.90630885,1.5104122714106,6.44216876,0.0199591300539222,0,0.000000353898365428291,0,0.00430979404054345,0.000000948556130596814,0.975729773451038
"IL10RA","IL10RA",1.276322003,0.280693813,1.55633000948316,6.465591146,0.0197241184914467,0.0171018981063326,0.000000000699216015077736,0.0000000033676112323012,0.0139815658930396,0,0.949192413442354
"SIRPA","SIRPA",0.724519414,0.31166213,0.928880743934418,6.02065647,0.0196983613732288,0.0057617633010921,0,0,0,0.00841309356237219,0.966126781763307
"STAT5B","STAT5B",1.159381616,1.09584798,1.00247486611607,6.44517741,0.019436075207344,0.00000000126657508272999,0.00192472709081222,0.0141284210206417,0.0133831904756388,0,0.951127584938988
"TNFSF12","TNFSF12",0.500960847,0.3301437,0.635798139268374,5.64669329,0.0192971894612723,0,0.00627987431914547,0.00374167609375691,0.00651442672525601,0.0237326136395327,0.940434219761037
"TUBB","TUBB",0.630076728,0.39242152,0.896485738079334,5.36442078,0.0185796082464883,0.0050505077837617,0,0,0.000000000604808796487078,0.00000000794615069146745,0.976369875418791
"STMN1","STMN1",0.494608674,0.16827953,0.999661435503959,5.609210516,0.018491231849089,0,0,0,0,0,0.981508768150911
"NCAM1","NCAM1",0.172410919,0,0.423829508818054,5.868901404,0.0182009238958159,0.000445284040120394,0.00000000144414667849674,0,0,0,0.981353790619917
"VSIG4","VSIG4",0.686195794,0.04150574,1.28874252051971,5.4435282,0.0181105571032055,0.0140877977633096,0.000000000251566710235691,0.000000000199238172566975,0,0,0.96780164468268
"ATM","ATM",1.838423615,1.6318716,1.37424851998554,6.3205628,0.0177439770695402,0,0.0034687922800365,0,0.0118326960720581,0,0.966954534578365
"CEACAM1","CEACAM1",0.199707322,0,0.547001081469594,4.942594601,0.0177091495910215,0.00000000188892666534997,0,0,0,0.00000000679824326378642,0.982290841721809
"IFNAR1","IFNAR1",1.121869249,1.07066364,0.94088676887313,6.29485758,0.0176662411336539,0.0114204849782916,0,0.00000000616416351788275,0.00646874187418612,0,0.964444525849705
"ID2","ID2",0.754235408,0.43672428,0.915819031378136,6.2879791,0.0167005185468082,0.0101550792756311,0.0000000211447955138185,0.0149480538684289,0.00000000239794109212189,0.000000000686460261779462,0.958196324079935
"UBE2C","UBE2C",0.209973363,0,0.664730883068148,5.052181426,0.0160443660516935,0,0,0,0.000000000162227595210808,0,0.983955633786079
"MARCO","MARCO",0.353433438,0,0.901690041290346,5.675641968,0.0159570177938272,0.0188258114291726,0,0,0,0,0.965217170777
"IL1B","IL1B",0.029753541,0,0.0907641907223232,0.992050904,0.0156633481954891,0,0.0124613486499989,0.000464277234557244,0,0.0343451906644823,0.937065835255472
"IRF2","IRF2",0.7686585,0.64138875,0.80538924417233,5.86294028,0.0156239567972557,0,0.00131520092905429,0.00415368304514535,0.0177897398423412,0,0.961117419386203
"AKT1","AKT1",0.770102685,0.64441919,0.82672940867044,5.82420687,0.0155655165890585,0.000000000855929835743526,0.00000000118130457529194,0.000197052614174428,0,0,0.984237428759533
"ENTPD1","ENTPD1",0.76342329,0.26989392,0.999920489305955,5.7045412,0.0154359716643473,0,0.00317452615183679,0,0.00940757750485471,0.00772232206600673,0.964259602612955
"TNFRSF14","TNFRSF14",1.306086557,1.12325852,1.10823019951596,5.70505705,0.0153190431968123,0.00109457617404817,0,0.000000000203241760658001,0.00482772556523601,0,0.978758654860662
"ITGAM","ITGAM",0.800386565,0.122710236,1.20906843462155,6.105950691,0.0150521643353757,0.0322651663035832,0.0000000025401780172873,0,0,0.00901217734808797,0.943670489472775
"DGKA","DGKA",1.070513567,0.63233876,1.24284375807859,6.09189977,0.0148693313076051,0,0.00625589950381083,0,0.00304594453034955,0.00000000143650670264248,0.975828823221728
"BRAF","BRAF",0.822829969,0.71839417,0.786821932832997,5.38896577,0.0148593490540508,0.00000000142250865645935,0.00000000037002186446093,0.00000000225141671392063,0.00672834383142147,0,0.97841230307058
"HLA-B","HLA-B",1.719302126,1.47507614,1.42707963027586,5.63086605,0.0148394348620053,0,0.00737689580278163,0.000000000233935127523482,0.000000000098361880664339,0,0.977783669002916
"COTL1","COTL1",0.51867856,0.233553032,0.795030960887403,5.630866049,0.0145420374401617,0.000000000179310685187504,0.00000000527659959215855,0,0.00000000080914211210715,0.011478971136781,0.973978985158005
"FCGR2B","FCGR2B",0.875486524,0.147536811,1.34245286901446,5.864976698,0.0144464157877911,0.0210368748692058,0,0.00701775604207511,0,0.0024532986308592,0.955045654670069
"IGHGP","IGHGP",0.351347741,0,1.05856922815897,6.391991443,0.0142932984603766,0.00923383172026606,0,0,0.0049098628477081,0,0.971563006971649
"HAVCR2","HAVCR2",0.377149005,0.031966395,0.708455470621129,4.915267487,0.0142677213255601,0.0253960069687438,0,0,0,0.0110795062176122,0.949256765488084
"LILRA5","LILRA5",0.137709925,0,0.385943047613594,5.291699741,0.0142521640598951,0.00059985781430078,0.000000000270794020555894,0,0,0.00000000153708042511749,0.98514797631793
"CCL20","CCL20",0.059079788,0,0.165001520278808,2.180022457,0.0142118784826844,0.0126654561765342,0.00509979970938857,0,0.00700219236345855,0,0.961020673267934
"CDK12","CDK12",1.042794556,0.95818228,0.926454684652727,5.21800502,0.0141766559671707,0,0.000000000220248114033961,0.000000000233208469709432,0.0188905307785802,0,0.966932812800793
"C1QB","C1QB",0.364378165,0.006639832,0.783306109466423,5.375523029,0.013916923028861,0.00556137495386887,0,0,0,0,0.98052170201727
"GZMH","GZMH",0.164664414,0,0.593092518203408,5.03753427,0.0138840666591152,0.0123218245209916,0,0,0,0.000000000392958220298688,0.973794108426935
"TOX","TOX",0.278600668,0.01550259,0.620604810062712,4.747886974,0.013882922451596,0,0,0.00891561317160732,0.00539832572307719,0.00000000016866678256778,0.971803138485053
"JUNB","JUNB",0.418373765,0.228025997,0.568621662868777,4.891033627,0.0138779995191331,0.0261569412298443,0,0.000000000420789074756126,0,0.0000000023668377948471,0.959965056463396
"ITGAE","ITGAE",0.16180321,0.04484591,0.363202641934849,4.27331561,0.0138569896585479,0,0,0.00548654784159317,0,0,0.980656462499859
"CD226","CD226",0.284547523,0.03134538,0.569349972832771,3.50680236,0.0138249154393447,0.0121403023230611,0.00321389925225981,0,0.00309827976076355,0.00734902260182391,0.960373580622747
"HSPH1","HSPH1",0.813775659,0.57206912,0.889043706082314,5.94956696,0.0137994858809178,0,0.000000000736432236944648,0,0.0091447573637237,0.00000000809231476648101,0.977055747926611
"GLIPR2","GLIPR2",0.376175427,0.19467836,0.53831944381711,4.53083243,0.0136258109699569,0.0134768649603838,0,0.000000000766754836844109,0,0.0134056353185783,0.959491687984326
"DLL1","DLL1",0.201363754,0.04392403,0.43078695727926,5.20524277,0.0132616304289849,0,0.000000000143805446862186,0,0.00560717974974927,0.00000000387842562380146,0.981131185799035
"SELENOP","SELENOP",1.979856783,1.64083545,1.60215095812423,6.81439748,0.0130594747992086,0.0052216290269841,0.00380365021311999,0,0,0,0.977915245960687
"ISG15","ISG15",0.196584,0.07025134,0.391590132998258,4.97858825,0.0126852308633024,0.0167574481152737,0,0,0.0146885293649147,0.0000000125074172688231,0.955868779149092
"HIF1A","HIF1A",0.653951238,0.47643637,0.724497363605823,5.01070097,0.0126789440943266,0.0180609104171461,0,0,0.0138519425765436,0.00340953552121741,0.951998667390766
"CD47","CD47",2.016380468,1.933136,1.37353995766436,6.4655911,0.0122904938665729,0,0.00302395998110294,0,0.00144664070512077,0,0.983238905447203
"TRAF2","TRAF2",0.17391057,0.06023065,0.373545727649283,5.86294028,0.0120282541483997,0.008802496517293,0.0000000712504150629699,0.00000011113289437362,0.00038834318668657,0.00000159797177759808,0.978779125792534
"MIS18BP1","MIS18BP1",0.917963717,0.59113044,1.05499659560317,6.44517741,0.0119979770017029,0,0,0.000277903958841195,0,0,0.987724119039456
"ANXA1","ANXA1",1.390050129,1.14258665,1.18043076344153,5.87627713,0.0119013047863962,0.00209935676050797,0.00229365244832457,0,0.00309521047479113,0.00000000196249724604952,0.980610473567483
"CDKN1B","CDKN1B",0.877940621,0.70518391,0.862839559540598,5.21800502,0.0117001711795215,0.012249559394773,0.0099883849528344,0.000844004144000321,0.0271826880924915,0.000000000384134376886995,0.938035191852245
"ARID1A","ARID1A",1.043397618,1.00649878,0.9313273333143,5.87627713,0.0116265317869206,0.00000000195211944901627,0.00195320950682776,0,0,0,0.986420256754132
"IL2RB","IL2RB",0.359842049,0,0.900576739236468,6.091899768,0.0116092716718797,0,0.00453346328823247,0.00680503090822576,0.021108447426381,0.000000000870960959966085,0.95594378583432
"ANPEP","ANPEP",0.305636097,0.081244943,0.520926437836153,3.606955032,0.0114152349233461,0,0,0.00961698381547407,0.000000000325944846238251,0.0621363283441463,0.916831452591089
"STAT6","STAT6",1.524931462,1.50463478,1.17290682102933,7.15795999,0.0112957657168724,0.000993169345361886,0,0.000449845148055623,0.00996005840530451,0,0.977301161384406
"CXCL3","CXCL3",0.112256715,0,0.353516012926986,5.210352012,0.0112314851821521,0.00750394818176139,0,0.00531699106102693,0,0.000000000486400722799368,0.975947575088659
"LGR5","LGR5",0.084163501,0,0.323068655043977,5.064916006,0.0111940708428672,0,0,0,0,0,0.988805929157133
"IRF4","IRF4",0.290714088,0.018962631,0.788294683693046,5.908439462,0.0110171653169855,0,0.00205631965169563,0.000252784860477318,0.000000000369055266159357,0.000000000309632480645032,0.986673729492154
"IRF5","IRF5",0.371676667,0.031273393,0.664125941236673,5.370433097,0.0109071506032069,0.0176012879458165,0,0.0000763836673589992,0,0.0519151021443475,0.91950007563927
"C1QC","C1QC",1.051795272,0.244500546,1.62831051160806,6.359774041,0.0108324246680917,0.0227941844642813,0,0.00000000288269780845223,0.00246774147979376,0.0162638580798743,0.947641788425261
"S100A9","S100A9",0.793726971,0.180554401,1.43224967697779,6.6065545,0.0108143640420788,0.0293954218562767,0,0,0.00231550770081509,0.0279771864692191,0.92949751993161
"AXIN2","AXIN2",0.244605338,0.027425954,0.484349187622493,4.269257276,0.0107269683673684,0.00764789100526614,0,0.00000000304391163949268,0,0.000299813238369689,0.981325324345084
"PLA2G7","PLA2G7",0.157538889,0,0.346138268394343,3.826197686,0.0106650085888516,0.0158682495234274,0,0,0,0.0312454129001618,0.942221328987559
"CXCR5","CXCR5",0.063280537,0,0.23707944351246,3.085747503,0.0106173283559433,0,0.00197410052670685,0,0.0208264399785351,0,0.966582131138815
"CST7","CST7",0.185913395,0,0.500560846077866,4.675942847,0.0104786313464386,0,0.000000000756017033951718,0.000000000221002528369392,0.0196998026418713,0.000000000122517992653729,0.969821564912152
"GPR171","GPR171",0.250880495,0,0.606070857643978,4.792019767,0.0103861970618939,0,0.00172829335782782,0.019832536487482,0,0,0.968052973092796
"PAX5","PAX5",0.109862841,0,0.535303485817579,4.952274596,0.0103220746157715,0,0,0.00444015754931468,0.000534255441043844,0.000000000906425709270712,0.984703511487444
"FCGR3A","FCGR3A",0.466319017,0.034060542,0.887499563711561,5.41280088,0.0102391906273221,0.0200027471459919,0,0,0.00000000076549509728647,0.0188244263673191,0.950933635093872
"CD274","CD274",0.131527871,0.003183477,0.350233129427176,4.703178847,0.0102349641918195,0,0.00000000152851067573101,0.00308225594303416,0,0.000000000309061377871076,0.986682778027574
"FCGR1A","FCGR1A",0.159395434,0,0.417901734332968,4.915267487,0.0102216282826358,0.00731082404187027,0,0,0.00000000058246664117639,0.0122758426674618,0.970191704425565
"FCMR","FCMR",0.574062808,0.041822318,1.17782222118084,6.471220603,0.0101396693866848,0,0,0.000000000489983603215955,0.000000000226334826957202,0,0.989860329896997
"RB1","RB1",0.84964375,0.67082657,0.882698990826126,6.67909543,0.0099663718307493,0.00575490666964102,0,0.018776657590748,0,0.0208008187549708,0.944701245153891
"C1QBP","C1QBP",0.654096173,0.52005444,0.744102020397449,5.64669329,0.00996564566058009,0,0.0000540757515079454,0,0.0108666804744653,0,0.979113598113447
"LILRB4","LILRB4",0.146277918,0,0.379142558695735,3.026488472,0.00995173695318798,0.0183237229231996,0,0,0,0.00170729721156936,0.970017242912043
"FOS","FOS",0.36329453,0.116752229,0.643188155302517,5.646693287,0.00993283045061727,0,0,0,0,0,0.990067169549383
"TNFRSF17","TNFRSF17",0.120832227,0,0.492035089717127,5.218005022,0.00991293455863982,0,0,0,0,0,0.99008706544136
"CMKLR1","CMKLR1",0.564349462,0.16594149,0.947703360706638,5.41280088,0.00976297995159014,0.00586084792900745,0,0.00261898625001323,0.00000000308366034368168,0,0.981757182785729
"IRF8","IRF8",0.753688258,0.158178651,1.24665597757731,6.150775904,0.00968666694505718,0,0.000000000265592853479892,0.0124455912831235,0,0,0.977867741506226
"LYVE1","LYVE1",1.084020653,0.28410666,1.69006144332033,6.50239647,0.00965002555020238,0,0,0,0.00527825623797669,0,0.985071718211821
"GRM7","GRM7",0.024051616,0,0.0776573925802756,1.218503836,0.00960440020883988,0,0,0.000000000122223009611052,0,0.0175544590613253,0.972841140607612
"JCHAIN","JCHAIN",0.565267907,0.041561219,1.33915715725477,6.67169814,0.00959960443167538,0.0227988225705331,0.00000012861748801805,0.00313270388315223,0.00475328377866716,0.000000000327108470525303,0.959715456391376
"COL1A2","COL1A2",2.659179856,2.23291324,1.96834553644365,7.13793677,0.00959319854580365,0.0172078162143378,0,0,0.0133577406626198,0.00738612160363897,0.9524551229736
"SHH","SHH",0.044016627,0,0.24352736133033,5.20524277,0.00955858813065119,0,0,0,0.0231021339504429,0,0.967339277918906
"TP53","TP53",0.697357669,0.51952608,0.823123753128882,6.85196394,0.0094109107398485,0,0,0,0,0.0000000133746738060147,0.990589075885478
"DERL3","DERL3",0.186764935,0,0.692996912101584,5.709332856,0.00939713731500509,0,0,0.0137879580219766,0,0,0.976814904663018
"SAMD3","SAMD3",0.378685844,0.026662158,0.912824509729979,5.312236514,0.00939213220314632,0,0,0.00269075830861579,0.0137343480137696,0.000000000324819440148143,0.974182761149649
"FCER1A","FCER1A",0.169450562,0,0.530257856162084,5.40607415,0.00916884083797181,0,0.00000000531394217351613,0.00143793933614892,0.00505413550663816,0,0.984339079005299
"JAK1","JAK1",1.490600087,1.42514994,1.13811503237351,6.28367638,0.00888295712134024,0.0000000293417871766127,0.000000000798605989502547,0.0000000101011759710578,0.00540401359530046,0.0000115702639588552,0.985701418777831
"ACTA2","ACTA2",2.01950741,1.837012,1.40914214690149,6.3284186,0.00887110626825014,0.0203278874956052,0.000000000623088797655977,0.00000000411326514887848,0,0.000000000640790065003277,0.970801000859001
"CTSB","CTSB",0.523099698,0.15158366,0.88298931338699,6.29485758,0.00875889290233511,0,0,0,0.000000000354375074351414,0.00365548913580237,0.987585617607488
"IL12RB2","IL12RB2",0.136195791,0,0.350207920987563,3.943475555,0.00869323639312675,0,0,0,0,0,0.991306763606873
"FAS","FAS",0.739730331,0.45184232,0.857385070982505,5.63086605,0.00853336813186296,0,0.000260590948344294,0,0.00092512483536085,0.00000000276385434658986,0.990280913320578
"IFITM3","IFITM3",2.48878288,2.4134197,1.44168833196241,7.3121344,0.00848839415270234,0,0,0,0.0126896802265479,0.0023683315930023,0.976453594027747
"CXCL2","CXCL2",0.015201747,0,0.0608569966130566,0.875570152,0.00842913697906167,0,0.000252309556316208,0.000000000444321156122622,0,0.0166651588391443,0.974653394181157
"GPR183","GPR183",0.2638753,0.013662467,0.559595928884598,5.440868835,0.00822839780578602,0.00000000015658932996085,0,0,0.00765817974530182,0.00000000047625392452725,0.984113421816069
"IL22RA1","IL22RA1",0.011075491,0,0.0449272086715464,0.598171523,0.00817335497519272,0,0,0.0015165958990084,0.023161130123664,0.0000000327738170852508,0.967148886228318
"TRAT1","TRAT1",0.242381082,0.01623529,0.583701021373429,4.51380249,0.00810872137136662,0,0.000953149143171732,0.00412107641613813,0.00289416854183229,0,0.983922884527491
"NOTCH2","NOTCH2",2.879259218,3.1478505,1.57891453927306,6.7125889,0.00806989020064178,0,0.00631239741477269,0.000000000551060221083923,0,0,0.985617711833525
"CCL2","CCL2",0.187646386,0.053076852,0.434275236094856,6.294857583,0.00787965777601107,0.0132259238250798,0,0.000000000127679486722777,0.0068295859549185,0.000000000184982161664043,0.972064832131329
"SELL","SELL",0.528323878,0.079126299,1.00574317740709,5.630866049,0.00780935193272217,0,0,0.00369152160016249,0,0.0000000017814153534531,0.9884991246857
"ERBB3","ERBB3",0.193400693,0,0.685921065903213,6.905151855,0.00777758248375562,0,0,0.000000000112975291229347,0,0,0.992222417403269
"FADD","FADD",0.295296551,0.18900581,0.510606174664379,6.51587538,0.00755101517017555,0,0,0,0.0117447866015491,0,0.980704198228275
"LTB","LTB",0.401367932,0.016954813,0.887616182031951,5.85708949,0.00748544488904045,0.0118368868299769,0.00233459364749155,0,0.00135866011991054,0.000000000332777873183959,0.976984414180803
"CD1A","CD1A",0.031734092,0,0.218569711738582,4.107134051,0.00740411648705236,0,0.00578909488922389,0,0.000956717158045223,0,0.985850071465678
"STAT3","STAT3",1.434186852,1.4331574,1.01974491835514,5.6824446,0.00726733156027846,0.00000000058483393108717,0.00041487986028117,0.000000028498036272493,0.00133464174152879,0.000000000261970707224314,0.990983117493071
"GZMB","GZMB",0.156990265,0,0.74686497764678,5.773260862,0.00726621909188216,0,0,0.0079868275025173,0.000000000559102014663429,0,0.984746952846498
"CDK6","CDK6",0.537206036,0.36938066,0.678925616900758,5.41280088,0.00719710550514223,0.000000000256669416744931,0.0000000250577783903575,0,0.00000000102703748789196,0.00000000196095661611958,0.992802866192416
"GZMK","GZMK",0.257565939,0,0.755762870569139,5.619924948,0.00718193725851359,0,0.00123153404707031,0.0106382674860143,0.008817438939109,0,0.972130822269293
"CXCL10","CXCL10",0.044994148,0,0.175832490793454,3.826197686,0.00713149213680742,0.00939171053240979,0,0,0.00558067542389783,0.000000000138123108786057,0.977896121768762
"TNFRSF9","TNFRSF9",0.114586167,0,0.322978716663636,4.476335708,0.00712106916498956,0,0,0.00000000204283370907876,0,0,0.992878928792177
"CD248","CD248",0.407001987,0.14087345,0.639587830421139,5.33893426,0.00705045715387645,0.000000000130577865165923,0,0,0.0186241854550988,0,0.974325357260447
"CDKN2B","CDKN2B",0.135292852,0.005812399,0.337438802465455,4.269257276,0.0070115955710554,0.0109030381853379,0,0.00177349572908942,0,0,0.980311870514517
"IL2RG","IL2RG",0.81207716,0.101648563,1.2938602427893,5.858667779,0.00700302545481276,0.00000000131351656490726,0.00788045281263699,0,0,0.000000000716508109607966,0.985116519702526
"TIGIT","TIGIT",0.255655596,0,0.715471416076431,6.010011817,0.00693764146993307,0.00112292808526271,0.000000352414800059081,0.00687621893660203,0.00693649589776407,0.00000000360886702305233,0.978126359586771
"IL10","IL10",0.11896141,0,0.281832368927584,2.330590225,0.00690617620223032,0.0143970987383196,0,0.000000000754657877181677,0,0.00000000113990622672845,0.978696723164886
"GPR34","GPR34",0.586645031,0.088065795,1.07015860185062,5.939561721,0.00683978375051714,0.000000000126830396181261,0,0,0.000000000421670325599717,0.0050752859207786,0.988084929780204
"CD3E","CD3E",0.58104793,0.006043982,1.3097550492803,5.858667779,0.00678493571495905,0.000749475855725989,0.0000697588675435474,0.0205245656095066,0.00780022337693748,0.0000000468746581272936,0.964070993700669
"CEACAM8","CEACAM8",0.153724459,0,0.55103330785425,6.465591146,0.00648449832715081,0.0223040130904088,0.0000000252023624862897,0.00000000140697359402449,0.00425443149005843,0,0.966957030483046
"TCF7","TCF7",0.301386652,0,0.7134489515351,4.853108545,0.00618418283461213,0,0.000000000305223063204203,0.00794998398022947,0.0152411994384264,0.000000000518547471387195,0.970624632922961
"IL2","IL2",0.090615683,0,0.214053704768278,2.014588554,0.00612772209509758,0.0000000010853862049589,0.00217210075255217,0.00877517932688903,0.000000000673187257271031,0,0.982924996066888
"IRF1","IRF1",0.70714421,0.39145955,0.924938857682401,6.42752559,0.00607120109470591,0.00321411572188236,0,0,0,0.0000000099881312156983,0.990714673195281
"CCR4","CCR4",0.222569761,0,0.644135177817474,6.322218886,0.00597997529917221,0.00399564912692307,0.00000000170997031403868,0,0.00368088103860208,0,0.986343492825332
"IL18","IL18",0.656233507,0.17160066,1.03288197374307,6.46559115,0.00597826210157641,0,0,0,0,0,0.994021737898424
"TFF3","TFF3",0.123581019,0,0.571180669164394,5.942353848,0.00596910821607232,0,0,0.000000000264953753618069,0,0,0.994030891518974
"MUC5AC","MUC5AC",0.041316154,0,0.157007020107472,2.748350755,0.00594857568779648,0.0131187298005501,0,0,0.0370741391848465,0.0000000111918763809471,0.943858544134931
"IGHG1","IGHG1",0.415865237,0,1.13867305062261,6.782120486,0.00593277572455459,0.0185249200856657,0,0.00000000366742635177918,0.00632461279645262,0.000000000162758043655905,0.969217687563143
"CD68","CD68",0.36646818,0.054213747,0.690861965290351,5.014719292,0.00590817811673388,0.00647451075398905,0.000000000697756819529437,0,0,0.000247068383600905,0.987370242047919
"IL2RA","IL2RA",0.295424222,0.017818249,0.673379196504508,6.090102646,0.00582967677896497,0.00358032373648925,0,0,0.00754517003676913,0,0.983044829447777
"NOD1","NOD1",0.459333543,0.28001227,0.647324331180575,6.44517741,0.00576576818774649,0.00614838869089634,0.00000000340305032609443,0,0.0403814564715568,0,0.94770438324675
"SOS1","SOS1",0.8186291,0.63246734,0.839381630917393,5.29169974,0.0057202209827854,0,0.0044037286548427,0.00998228385571753,0.00753499849722016,0,0.972358768009434
"CNTN5","CNTN5",0.021845334,0,0.0765348254961615,0.863760698,0.00569250408572027,0,0,0,0,0.00000000282908361678981,0.994307493085196
"CLEC10A","CLEC10A",0.317342287,0.008806813,0.712479235859752,5.480540086,0.00568328781477786,0.014944975189205,0,0.00243184348893777,0.00385646474176047,0,0.973083428765319
"IFITM1","IFITM1",0.665380507,0.28598322,0.873285109699587,6.06125151,0.00567733069339535,0,0.00824055507345714,0,0.0350093892501232,0.00000000198219486413433,0.95107272300083
"ITGAL","ITGAL",0.615456978,0.057616393,1.05646208007761,4.844538034,0.00565237556456114,0.00902542262129107,0.0000684072681724276,0,0.00516221874512507,0.0000000000447588240295282,0.980091575756092
"CCL15","CCL15",0.013705873,0,0.0872855385666097,1.451676146,0.00563664360691139,0,0,0.00000000580717139701778,0.00573279529084935,0.00000000118710044429873,0.988630554107968
"CD79A","CD79A",0.1488336,0,0.597420027502768,5.308965574,0.00536917283981497,0,0.0000000295777530105252,0.0191936110901323,0,0,0.9754371864923
"DDR1","DDR1",0.213710706,0.05088124,0.48340658402919,5.41735596,0.00534577003712575,0,0,0,0.000000000230366207373161,0.000000000224443820504468,0.994654229508064
"GNLY","GNLY",0.067202478,0,0.315236942950264,5.472826607,0.00526757629658224,0,0,0,0,0,0.994732423703418
"CD74","CD74",1.864595492,1.09016468,1.87771782465559,6.20016525,0.00525389932279314,0.0277621835290645,0,0.00295211144467633,0.0113011386174603,0.0112469453176661,0.94148372176834
"CD37","CD37",0.162080081,0,0.387849061938409,4.844538034,0.00517993187322488,0,0,0,0.000000000396583535387285,0,0.994820067730192
"SOX9","SOX9",0.086283646,0,0.377928012674843,5.436689734,0.00508997429600071,0.00000000267878364021317,0.000349284693791689,0,0.00858914785608414,0.000341862902459412,0.98562972757288
"ICOSLG","ICOSLG",0.36024539,0.115108871,0.617612399110649,5.228097614,0.00507159474546069,0.00000000291538797225603,0.00000000912962139749776,0.0171800768976496,0.00000000125235158370604,0.0000000101508295683521,0.977748304908699
"PSAP","PSAP",2.032928298,1.7232739,1.47262908808115,5.9185593,0.00500850079459192,0.00146638351597762,0,0,0,0.00889130298584184,0.984633812703589
"LILRB2","LILRB2",0.548195361,0.034418529,0.968815993204047,5.750401173,0.00488739533353517,0.0219213799566606,0.000373337895493564,0.00866253301463118,0,0.00789816197842105,0.956257191821258
"IL32","IL32",0.729316417,0.19100206,1.21843066917758,6.0922299,0.00488089844384998,0.0111214487757655,0,0.0410610750759543,0.0384830335429551,0,0.904453544161475
"ACE2","ACE2",0.023501371,0,0.0789741931673029,1.115063726,0.00480386670663335,0.0062863718311453,0,0.00221036829041236,0.00168555389960575,0,0.985013839272203
"CCL8","CCL8",0.082674831,0,0.276691419154918,4.68813499,0.00472013493998465,0.013909937154916,0,0,0,0.00000000230108785260358,0.981369925604011
"NF1","NF1",1.073576036,0.92087532,0.996655213760611,6.46559115,0.00464448823071577,0.00158342925012816,0.00472701124662576,0,0.00225412373900706,0.00000000127283425797961,0.986790946260689
"PLVAP","PLVAP",0.40920587,0.060352655,0.966310773389884,6.024830654,0.00456257141764647,0,0.000000000852767032263265,0,0.00823260039824549,0.000000000195947323858325,0.987204827135394
"CD40LG","CD40LG",0.209042381,0,0.689259837963719,6.210178956,0.00449699196653802,0,0,0.00552231694849259,0.00385163393023389,0,0.986129057154736
"TUBA1B","TUBA1B",1.088672684,0.79110781,1.2110277442336,6.44517741,0.00437861560100826,0.0000000012432776678573,0,0.000000000354942404242354,0,0.0023748059744928,0.993246576826279
"IGHG4","IGHG4",0.25138593,0,0.858252868447789,6.286668361,0.00428434752502473,0.0125299674258023,0,0.000366696274506572,0.00944355544643891,0,0.973375433328228
"CDK1","CDK1",0.303265125,0.008014797,0.943861411045372,5.480540086,0.00427452653176249,0,0.000000000149688438951775,0,0.000000000177602807604275,0,0.995725473140946
"MMP9","MMP9",0.0288985,0,0.114610818352419,1.535960011,0.00426857100851081,0,0,0.000000000436176835623455,0.00193115282799127,0.000000000204995323306104,0.993800275522326
"CD180","CD180",0.41075772,0.039593317,0.784886075654477,5.308965574,0.00423220338745718,0.0036873339165398,0.00000000016639185468405,0,0.00720871182339925,0.000000000758739757311541,0.984871749947472
"CCL4","CCL4",0.234558897,0,0.636051654351919,4.561603297,0.00420745268400522,0.000000000428806733248178,0.000000000559468209196556,0.00045028142756778,0.00127249565837711,0.00431547006569783,0.989754299176077
"CD3D","CD3D",0.351410214,0,0.8582820438338,5.218751888,0.00408269319526611,0,0,0.0150932723321021,0.0283782674917922,0.000000119469862441255,0.952445647510977
"NGFR","NGFR",0.315982432,0.07652178,0.60881542348331,5.33893426,0.0040571818050554,0,0,0.000000000389715236941655,0.0387065789915676,0.00110523676431797,0.956131002049344
"GZMA","GZMA",0.345804405,0,0.976042359596698,5.823252733,0.00404638434221254,0,0,0.0103605339587282,0.00389227253857226,0.0000000743930336722092,0.981700734767453
"TGFBI","TGFBI",1.754827694,0.99445855,1.77383724976243,6.32056278,0.00401576374406091,0.000000000463374209365387,0.000000000346755640463926,0.00484699173604936,0.000000000343970330238523,0,0.99113724336579
"MYD88","MYD88",0.757121514,0.48072368,0.91283713009399,6.46559115,0.00379957202902846,0.0124311983663239,0,0.000000000107435825651757,0,0.0127706912619216,0.97099853823529
"IFIT3","IFIT3",0.378507026,0.20399142,0.590487775246167,5.60474105,0.00373773989446102,0.00650596870314796,0,0.000000000247071613431588,0.0291808171639055,0.00000000188730949006834,0.960575472104104
"VEGFA","VEGFA",0.99583926,0.56907998,1.15773409219159,5.75040117,0.00358007357827545,0,0.000000000201779710194897,0,0.00713126596416793,0.00000000118063612570864,0.989288659075141
"BATF3","BATF3",0.092510801,0,0.257594052873761,5.370433097,0.00356429472300109,0.0010862477553666,0.00580204459273782,0.00218186891968525,0,0.0363334563937587,0.951032087615451
"CD8A","CD8A",0.288328326,0,0.814002792927168,5.226256315,0.00351504433974188,0,0,0.00794765831497514,0.00791649179229249,0.0000000172582411424346,0.980620788294749
"CD8B","CD8B",0.124424138,0,0.37176405539292,5.133059155,0.00349093303682017,0,0,0,0.00971297155935534,0.00181945651985285,0.984976638883972
"CDKN1A","CDKN1A",0.360507557,0.13555495,0.543602500316395,4.74780279,0.00345059139393995,0.0186595660181737,0.000688109674834972,0.00000000137933029056228,0.025682050695191,0.00359149087663873,0.947928189961891
"CTSE","CTSE",0.056818257,0,0.312750866890691,5.103657238,0.00339747586324321,0.000000000132015887815149,0.000885907588279827,0.000481628201820758,0,0,0.99523498821464
"CCL13","CCL13",0.247252139,0.0304428,0.579693525711004,4.84402993,0.00334799846176513,0.01687449638644,0.000000566365904491773,0.00000000105636678432573,0,0.00000000224283191563194,0.979776935486692
"IL4","IL4",0.079887979,0,0.323739954972659,5.440868835,0.00332846516070538,0,0.00000000371378608370959,0.00000000148404110265406,0.0000000227496144139939,0.00181080528573737,0.994860701606116
"LCK","LCK",0.39856022,0,0.954991058147791,5.630866049,0.00331798007768577,0,0,0.000696489768563125,0.00855490188258724,0,0.987430628271164
"IGHM","IGHM",0.260028969,0,0.899531470437665,6.238018641,0.00328869998008073,0,0,0.00565827695514702,0,0,0.991053023064772
"ERBB2","ERBB2",0.424532405,0.16287357,0.719784631099854,5.2898701,0.00322181912785345,0,0,0.00145520706235651,0.00794464049153144,0,0.987378333318259
"CHL1","CHL1",0.163291755,0,0.492649514579366,6.257223542,0.00320266071855549,0,0,0.00395574340606332,0,0,0.992841595875381
"TMPRSS2","TMPRSS2",0.056004014,0,0.307000105497048,4.724640565,0.00319520593681827,0,0,0.000000000273689684752397,0.000000000117059850977825,0,0.996804793672432
"FGF2","FGF2",0.166402183,0,0.406284032124385,5.64669329,0.00317449631397961,0.000000000921895880938427,0.00111579826405328,0.000000000114515685207686,0.00000000115906089822785,0.0149693491729999,0.980740354053495
"MPEG1","MPEG1",1.046445437,0.21968831,1.5538894651451,6.3652095,0.00317147771831414,0.000984360646809781,0.00000000205379813857289,0.0114128129891156,0,0.00000000504746980722995,0.984431341544493
"FKBP11","FKBP11",0.655789941,0.40003279,0.928408177753701,6.02065647,0.00316714430866353,0.00105211970794278,0,0.000000000958194827093495,0.00478952904497912,0.000000000117347372966895,0.990991205862872
"RNF43","RNF43",0.065419705,0,0.378992244365177,5.398200061,0.00305307739561982,0,0,0,0,0.00000000155724108363387,0.996946921047139
"MS4A1","MS4A1",0.261746074,0,0.986518288712401,6.153828721,0.00304708010555882,0,0,0.000000000126016052002632,0.00973522540816403,0.0011021008001453,0.986115593560116
"SOCS2","SOCS2",0.321858364,0.1320936,0.540583749528051,5.30532757,0.00304165840284519,0.00728718287020544,0.000307044849300272,0,0.0201027923417415,0,0.969261321535907
"A2M","A2M",1.083341521,0.55655407,1.29354405111576,5.87627713,0.00297540806305212,0,0.0021460660830694,0.00619009027127348,0.0245631526874783,0.00522688285533636,0.95889840003979
"VIM","VIM",4.211193283,4.6058035,1.45612294682693,7.2866708,0.00293614580481988,0.0148739245828208,0.000249503920807262,0.000339148512057941,0.00035962794939078,0.000000370004267060855,0.981241279225836
"NOTCH1","NOTCH1",1.186860364,0.85065326,1.18917084964998,6.25198961,0.00289758256512397,0,0.00566614535439678,0,0.0093566643601511,0.00067453644348544,0.981405071276843
"IL1RAP","IL1RAP",0.280693089,0.16656541,0.490605216444229,5.64669329,0.00289745177110441,0,0,0.000000000817092408185903,0.0213075780613571,0,0.975794969350446
"CD19","CD19",0.13120318,0,0.562218000348507,5.416160851,0.00286515703573285,0,0,0.00396919128844906,0,0,0.993165651675818
"CTSS","CTSS",0.371891853,0.058892699,0.700848245294475,6.090102646,0.00279519628267956,0,0.000000000215423287247804,0.000000000329793464968216,0.00191237254473799,0.00598329646360893,0.989309134163757
"CDKN2C","CDKN2C",0.282145975,0.069696009,0.691249558201317,5.480540086,0.00270005140796411,0.000000000434469358784485,0.000000000296929223720996,0.000000000158702033193906,0.00835071390524005,0.00258510482108057,0.986364128975615
"RGS5","RGS5",0.381462065,0.12372414,0.756325870867309,5.3704331,0.0025789165037314,0,0,0,0.00134438415527455,0.000751640642521779,0.995325058698472
"CD2","CD2",0.739057756,0.042653871,1.4747440818661,5.630866049,0.00256123508090354,0.0108938689012392,0.0032517858171576,0.0116109351560891,0,0,0.971682175044611
"SDC1","SDC1",0.22878023,0,0.803594324090812,5.937816681,0.00249666382514126,0.000000000245900354366314,0.00492754681780656,0,0,0.00375955712191148,0.98881623198924
"SLC40A1","SLC40A1",1.118120608,0.75377365,1.17484104003864,6.29485758,0.00246808573725691,0.00354450399128085,0.00104973274134921,0,0.00777510704594533,0,0.985162570484168
"FCRL3","FCRL3",0.126754194,0,0.471662432742483,5.801570431,0.00243636718741481,0,0,0.0034330817491114,0.00415876668290922,0.00000000544518973916927,0.989971778935375
"CD247","CD247",0.396944849,0,0.962272296299781,6.090102646,0.00241376449246882,0.00707101754849808,0,0.0183471105112191,0.00791220496050577,0,0.964255902487308
"DUSP2","DUSP2",0.102260659,0,0.339481270268281,5.449466443,0.00240558418412667,0,0,0.0110403132805432,0.0113840188558401,0,0.97517008367949
"CCL5","CCL5",0.287538051,0,0.805344448759816,5.364420775,0.00235723311590727,0,0.000000000215243277355489,0.00847385113637224,0.0000000169847482941854,0.00000000891606784505778,0.989168889631661
"PTEN","PTEN",1.951039142,1.9718352,1.23331254743805,6.4451774,0.00234579667049382,0,0.000737970076961709,0,0.00607778964867914,0.000000000249441364701588,0.990838443354424
"SSR4","SSR4",0.801441206,0.5204509,1.0172566378316,6.40799908,0.00223386272538502,0.000010903315194011,0.0112905515380989,0,0.0190151430797025,0,0.96744953934162
"PAK4","PAK4",0.272296292,0.13344675,0.521992858209895,5.61474847,0.00210431801315583,0.00540618168981135,0.000264112051298869,0,0.02521428244514,0,0.967011105800594
"LILRA4","LILRA4",0.156845193,0,0.737694708442723,5.98753469,0.00203400398255863,0,0,0.0120697784307454,0,0,0.985896217586696
"SYK","SYK",0.885281138,0.16619357,1.26704286074255,5.29169974,0.00200057878023157,0.00322819881140755,0.00296154632199302,0,0.000000000239837792599709,0.00849799816216656,0.983311677684363
"NOSIP","NOSIP",0.05935997,0,0.198422802796133,4.203678705,0.00198680141732677,0.00786826690079987,0,0.00714436960680864,0,0.000000000217074803236616,0.98300056185799
"OLFM4","OLFM4",0.086780628,0,0.459687988581418,5.633467319,0.00196292474786832,0.00486834693412191,0,0,0,0.000574246596884917,0.992594481721125
"CCR5","CCR5",0.233260832,0,0.558624137294674,5.172101805,0.00196175796935216,0.000976488583230373,0.00000000135281283568441,0.00613093903225979,0.00000000011731067122269,0.000724572686768319,0.990206240258266
"CD36","CD36",1.097741188,0.47573372,1.38601014742931,6.85454531,0.00187624406889295,0.0014370142277292,0.000000000287335592092958,0,0.00936408802259316,0.000000000110810030305193,0.987322653282639
"NLGN1","NLGN1",0.068644115,0,0.238354816346929,5.398200061,0.00166343815553948,0.00293113168406056,0.00318210478538386,0.0000985209425651865,0.00293168668874417,0.00000000493164378041242,0.989193112812063
"MKI67","MKI67",0.388388765,0.026826991,1.15860384083312,6.510096508,0.00164415555839878,0,0.000997625018533229,0,0,0,0.997358219423068
"TNF","TNF",0.032930322,0,0.196791559134825,4.675942847,0.00161736526687569,0.00000000374134153138886,0.00153824974158141,0.0000000452923805068917,0.00000000491815878018379,0,0.996844331039662
"LAG3","LAG3",0.11969386,0,0.38143562574342,4.277866965,0.00159132327499076,0,0.0000000846835229160906,0.00862871427143993,0.00554279024297363,0.0000000178028246558644,0.984237069724248
"KLRK1","KLRK1",0.355716246,0.013643892,0.953644304109226,5.752070333,0.0014754709081468,0,0,0.000679943461388023,0.00405153827598841,0.000000000704783841018217,0.993793046649693
"PDGFRA","PDGFRA",0.363780603,0.06979941,0.67545584006085,4.88117795,0.00143895553069417,0.00303218407396803,0,0.000187525054065137,0.0157336056246439,0,0.979607729716629
"VSIR","VSIR",1.029998857,0.72128051,1.10874214243645,5.8649767,0.00142634138133741,0,0.0107059398515858,0.00455856214855929,0.0122520523842654,0.00444954054623865,0.966607563688013
"CCR3","CCR3",0.043199211,0,0.274663004868843,5.014719292,0.00138098021389048,0.0000000195327403070965,0.00000000294940100010406,0.00000000710479079063422,0,0.00000000435439444639251,0.998618985844783
"CCR6","CCR6",0.106813166,0,0.410600560390964,5.630866049,0.0013419655499385,0,0.00584411634589718,0,0,0,0.992813918104164
"CCL3","CCL3",0.081172309,0,0.275512328119162,4.915267487,0.00125577105009158,0.00588206394914968,0.00179906194774521,0.000000000161591400119032,0,0.000739121076512007,0.99032398181491
"ADM","ADM",0.353511605,0.10896745,0.669266024761719,5.61394169,0.00124887118754613,0,0,0.00190801853481876,0.00906593656358521,0,0.98777717371405
"IFNB1","IFNB1",0.045544924,0,0.337036192850986,6.465591146,0.00123567121497443,0.00330983144229171,0,0.0123894465003525,0.000000000216121018731551,0.00169756235846106,0.981367488267799
"STAT4","STAT4",0.402043737,0.063595946,0.841954816267489,5.052181426,0.0011078290719203,0.00459408546581799,0.00292146641620029,0.019552638946563,0.0282056869871884,0.000000000819517631601356,0.943618292292792
"SPARCL1","SPARCL1",1.359945484,0.79402986,1.52305449586216,6.85196394,0.00110098617588943,0,0,0.00000000019912238528647,0.00378187009714117,0.00000000218410580122025,0.995117141343741
"NKG7","NKG7",0.178668684,0,0.624672464711442,5.619924948,0.00102954059563142,0.000000000486423890710241,0,0,0.0121628716177232,0.000000000182178761283857,0.986807587118043
"KLRC1","KLRC1",0.13829845,0,0.454922313640255,5.289870103,0.000976823082248154,0.000000000180901564840619,0.0126547406366951,0.000852777527793393,0,0,0.985515658572362
"LRP1","LRP1",2.020348612,1.54137511,1.74195120862677,6.5178497,0.0008321126278908,0,0,0,0.0135323795100204,0,0.985635507862089
"NELL2","NELL2",0.116562392,0,0.336461306322485,3.104081349,0.000790775638043325,0,0.000569811002583464,0,0.00768212497093885,0,0.990957288388434
"CXCR6","CXCR6",0.174111497,0,0.489324281368926,4.218202173,0.000705489500738393,0.00281924999726826,0.000687419229933069,0.0350349408590612,0.00871632275949914,0.00000000192690804374446,0.952036575726592
"RGS1","RGS1",0.645816323,0.079489206,1.05158766546125,5.774444654,0.000699149352572438,0.0269294925302355,0.0000009749299336725,0.0108726127936583,0.00104001584988353,0.0107582670683304,0.949699487475386
"IRF3","IRF3",0.207577993,0.07687367,0.356021712528064,5.22809761,0.000673934140601542,0.00170135998387554,0.0000000018617618753383,0,0.0539439707146031,0.000000000749251916141874,0.943680732549906
"EOMES","EOMES",0.108675758,0,0.36632699019617,3.008938692,0.000644775046124723,0,0.00449562162842822,0.00462696126666344,0.00000000550120227967515,0.00458917894298269,0.985643457614599
"CD28","CD28",0.523228189,0.057965832,0.90833571910689,5.630866049,0.00062853149729561,0.0213012271821914,0,0.00721537703220119,0.0264333180435444,0.00000000103796923694291,0.944421545206798
"PRDX4","PRDX4",0.620195414,0.41116539,0.795231772199331,5.39178252,0.00057999450331483,0.00289412254538216,0.00377308345260889,0.0000000208234819975612,0.0489535492468068,0,0.943799229428405
"CCL26","CCL26",0.023160352,0,0.0655268315023247,1.025969153,0.000565593701224314,0,0,0.000000000144888827236386,0.00622026364268344,0.0109771815829299,0.982236960928274
"FASLG","FASLG",0.113273357,0,0.389227342170782,4.675942847,0.000561417669353795,0.0000000018405802770067,0.000516207975208383,0.00017279142782822,0.000916861846598794,0.00502597394800489,0.992806745292426
"PDCD1","PDCD1",0.035971413,0,0.206612277770716,4.107134051,0.000553450522926889,0.00311790158574478,0.0000000137461423255848,0.0104250239299917,0,0,0.985903610215194
"IGFBP7","IGFBP7",2.105668048,1.55590158,1.82673651861231,7.13620412,0.000528422149587053,0.0142021196189781,0.000346553123063026,0.00000000027830214508507,0.0116942621930654,0.0288985554239465,0.944330087213058
"CDK4","CDK4",0.37968561,0.23524662,0.590358421575931,6.44517741,0.000396292027601952,0.000849533441898757,0,0.00104776330288379,0.000568577782470853,0.00678698286980756,0.990350850575337
"NLRP3","NLRP3",0.307395592,0.015722117,0.619015538519961,4.915267487,0.000366707406604554,0.015292640963558,0,0.000673907784835664,0,0.0252273087953821,0.95843943504962
"SIGLEC10","SIGLEC10",0.207075999,0,0.423691684199254,3.442121529,0.000315578454030493,0.0193766515637787,0.00000000290298441196569,0.00891339576659488,0,0.00649803411767092,0.964896337194941
"ID1","ID1",0.136484937,0,0.36893302477388,2.742843144,0.000283410696419143,0.003220175842895,0,0,0.0165018999364058,0.0132369712791657,0.966757542245114
"LRRN4","LRRN4",0.145203479,0,0.622917991266446,4.772510395,0.000211011107335689,0,0.000000000217118634783543,0.000000000585945873458607,0.0169544841061783,0,0.982834503983421
"STAT2","STAT2",1.523158554,1.41318156,1.14050432659039,5.82764248,0.000154764573841279,0,0,0,0,0,0.999845235426159
"KLRD1","KLRD1",0.106063773,0,0.348250724666385,3.284283866,0.0000100429046742408,0,0,0.00241256877040826,0,0,0.997577388324917
"IGHG3","IGHG3",0.337255625,0,0.935337400596528,6.804226156,0.000000160118425242879,0.0128846263045814,0,0,0.0147561045515161,0.00803973458312558,0.964319374442352
"EPOR","EPOR",0.211522969,0.06415769,0.4455617402398,5.86294028,0.0000000561625497358869,0,0,0,0.00000000031924294854412,0,0.999999943518207
"ICAM1","ICAM1",0.374226583,0.1776193,0.541612507101525,4.86252267,0.0000000256548526232476,0.0164879353556681,0.00594974972042156,0.0147130159332837,0.0122896589648202,0.00360859502913012,0.946951019341824
"ITGAX","ITGAX",0.679752501,0.037504025,1.26628474829636,6.448555102,0.0000000197706527957724,0.0214074734212047,0.000751850336856328,0,0.0255317295630494,0.0265860485426463,0.92572287836559
"EDIL3","EDIL3",0.244883374,0.033744923,0.522146124787972,4.844029928,0.0000000160648685076112,0.0115070398973402,0,0,0.00675217066653958,0,0.981740773371252
"IL7R","IL7R",0.549045296,0.042414931,1.20649271236956,6.049980565,0.00000000445294206994136,0.0144201883834671,0.00374852876815655,0.0145399823020002,0.0220487381385593,0,0.945242557954875
"XBP1","XBP1",1.221661037,0.98616025,1.14379311377474,6.04267843,0.0000000044265710693958,0.00220750088503633,0.0000000346618756700936,0,0,0.0000000111432292791175,0.997792448883288
"SLC1A3","SLC1A3",0.422575442,0.04649221,0.857300427133883,6.32841864,0.00000000408180368191199,0,0.000000000546355346117534,0.00000000136779622215121,0,0.0179510650319988,0.982048928972046
"SPON2","SPON2",0.397907307,0.10550713,0.723632123544672,5.8426986,0.00000000321752863724575,0,0,0.000000000786982492315537,0.0496867584101706,0.0000000665663507340095,0.950313171018968
"CLEC12A","CLEC12A",0.461588537,0.052510678,0.943977209001081,6.256915173,0.00000000271027759611076,0.0261057930470907,0,0,0.0000000485982485172922,0.0794494809511493,0.894444674693234
"REG4","REG4",0.121025544,0,0.610003023424904,6.204902353,0.00000000195262316190185,0.0463279613496089,0,0,0.00000000204056326002665,0.00000000294586769777359,0.953672031711337
"CTNNB1","CTNNB1",1.988252371,2.0341619,1.27013719566041,6.8519639,0.00000000123453812812999,0.0223344006914805,0.0000000599602398508608,0.0000000840042180515372,0.00498957844125034,0.000000000748993120712376,0.97267587491928
"TCL1A","TCL1A",0.085954086,0,0.398624027117407,5.85708949,0.00000000104876427777155,0,0,0,0.00176658270604868,0,0.998233416245187
"CDH11","CDH11",0.720887213,0.27208423,1.09592474547632,5.90203805,0.000000000967743732791228,0.0310219219753846,0.00000000141202917104152,0.0000000444196303976032,0.0158551838125737,0.00808941698453952,0.945033430428099
"SMAD3","SMAD3",0.787265306,0.55154026,0.870505672304436,5.75040117,0.000000000762887319417809,0.0277297315430609,0,0,0.0139267803570858,0,0.958343487336966
"MMP11","MMP11",0.073926013,0,0.261512732747314,4.714853826,0.000000000731022774674901,0.037568567294866,0.00484312403077255,0,0.004259126851081,0.00000000137514594047401,0.953329179717112
"ITGA1","ITGA1",0.628714213,0.22227822,0.916879970149949,5.41735596,0.000000000542217940238954,0.0144182961051293,0.000000000264840650088213,0.00597933440389578,0.0052693923478972,0.0000000377568387200784,0.97433293857918
"CXCR4","CXCR4",0.570971628,0.044007498,0.983603132408959,5.646693287,0.000000000522629426291312,0.00860228573285052,0.00000000129135001440016,0.00226033237949204,0.00295028521561712,0.000000000319480831927323,0.98618709453858
"CX3CR1","CX3CR1",0.110212642,0,0.287873480146466,2.210064504,0.000000000469001407283829,0.0798729207622664,0.0000000362004125896021,0,0.0099064122301349,0.0000000539831591152027,0.910220576355026
"DPEP1","DPEP1",0.044178421,0,0.162636326197427,2.173269021,0.000000000440027448283332,0,0.00814406143558392,0,0.000000000257811819979467,0,0.991855937866577
"CCL11","CCL11",0.024545277,0,0.0677282558613103,0.864430496,0.000000000413490623553539,0.0115997614044775,0.000000000185228708794741,0.000000000375191845279138,0.0000000130319800059465,0.00000000270098689815653,0.988400221888645
"CXCL14","CXCL14",0.944541408,0.5182379,1.16076992552448,5.98232715,0.000000000397794846386669,0.0552081723325713,0.00000000016593156736504,0,0.0339841028430673,0,0.910807724260635
"ASCL2","ASCL2",0.07429004,0,0.288379074995365,4.292301257,0.000000000371351608037924,0,0,0.00000000475949952737194,0.0233011135818967,0,0.976698881287252
"GPIHBP1","GPIHBP1",0.066814618,0,0.26370045248937,4.973417616,0.000000000345355575012899,0,0.00106633606637215,0,0.00921135598087216,0.000511617050085627,0.989210690557314
"PDCD1LG2","PDCD1LG2",0.171313312,0.04020822,0.359402447991701,4.60804215,0.000000000327640618804504,0.00245648703634531,0.0000000051009337804349,0.00339144273899097,0.00958724620942528,0.00000000000000111742921646399,0.984564818586663
"NTRK1","NTRK1",0.05514178,0,0.185902775904593,2.269816817,0.000000000309723169289673,0,0.00000000111169042607095,0,0.0383412671645871,0,0.961658731413999
"IL13","IL13",0.025270528,0,0.0873369051531826,1.416975483,0.000000000284669943256032,0,0.00502500124874413,0.00287078958749437,0.00137952188041092,0.000545142669866624,0.990179544328814
"CD40","CD40",0.28153666,0.08820243,0.487210090073809,5.398200061,0.000000000270900402723128,0,0,0,0,0,0.9999999997291
"IL4I1","IL4I1",0.06990086,0,0.20773534730476,2.7565518,0.00000000026771707718129,0.0223564175641189,0.000000000126301266440705,0,0.00201170155763323,0.00852052873325069,0.967111351750979
"CXCL12","CXCL12",1.645905043,1.36093807,1.37830645516582,6.67909543,0.000000000259112383135775,0.0485307793770087,0,0,0.0334186581188459,0,0.918050562245033
"TNFRSF25","TNFRSF25",0.554834935,0.15994233,0.884147229042906,6.44517741,0.000000000225500662862789,0.00282146222192515,0.000000000552708704032159,0,0.00734098953951152,0,0.989837547460354
"MMP12","MMP12",0.034931181,0,0.139350737534089,2.199123025,0.000000000208425057509973,0.00277928565519122,0.00000000119932992816249,0.00369668781699124,0.00427318021531194,0.000000000110353593914498,0.989250844794397
"BMP4","BMP4",0.097930116,0,0.266335756731525,2.653962897,0.000000000201749082098578,0,0.0000673836467453494,0.00000299514794487556,0.0144597878934046,0,0.985469833110156
"CDKN2A","CDKN2A",0.063931451,0,0.183283549151812,2.323378551,0.000000000193014156664284,0.0000000109908553936187,0,0,0.0263253207771601,0.017719971578189,0.955954696460781
"CCNE2","CCNE2",0.249014226,0.051676492,0.66494127634999,5.364420775,0.000000000192854625361273,0,0,0,0,0.000000000103246406275512,0.999999999703899
"CENPV","CENPV",0.107176133,0,0.282336509931696,4.203678705,0.00000000018690987640917,0.000748034253806452,0,0.00000000034894404864366,0.00101560360698051,0,0.998236361603359
"ZNF683","ZNF683",0.065936667,0,0.281472340921911,4.703178847,0.00000000016615220951077,0,0,0.000000000922107538402914,0.00959933027950914,0.0108995812015399,0.979501087430691
"FHIT","FHIT",0.214639209,0.09018953,0.357302127508843,5.01471929,0.000000000152976678474728,0,0.000000000102648145899673,0.000000000412686307491202,0.0208222110389594,0,0.97917778829273
"SPIB","SPIB",0.139745902,0,0.499314898058058,5.302189525,0.00000000014814991521773,0.0213133290123814,0,0.0156145730592585,0,0,0.96307209778021
"LCN2","LCN2",0.055119073,0,0.372437369175615,5.308323588,0.000000000143331942423545,0,0.000000000332152761036827,0.000000000272942409781843,0.0000000005477310881786,0,0.999999998703842
"CD83","CD83",0.162868527,0.008224708,0.44677148035115,6.679095426,0.000000000139545097713997,0.0206750754016284,0,0,0.00179664998684616,0,0.97752827447198
"POSTN","POSTN",0.768063588,0.28165978,1.16515953616193,6.47096373,0.000000000126942314813772,0.0841501073829341,0.00119722466728904,0,0.00548508744011252,0,0.909167580382722
"HPGDS","HPGDS",0.386155759,0.035966053,0.914036884239335,5.289870103,0.000000000105804945402575,0.0171351059983342,0.0000000243445588688873,0.0000000329100313605917,0.0232790302995807,0.0000000127176357335712,0.959585793624054
"SOCS3","SOCS3",0.610067019,0.31318049,0.804285715688494,5.40351035,0.000000000104314435825344,0.0398653029951928,0,0,0.00279759917728617,0.0000000202984864937906,0.95733707742472
"CXCR1","CXCR1",0.081046722,0,0.383795441186814,4.49569426,0.000000000100193676951112,0,0,0,0.00186829964271568,0.00000000031084017457561,0.99813169994625
"CD34","CD34",0.553354329,0.2026886,0.990287800690179,5.8689014,0.0000000000000000215361247918983,0.00242623219926623,0,0,0.0259778715998126,0.000000000284008902451097,0.971595895916912
"ADAM28","ADAM28",0.435005439,0.050953734,0.866810412449238,5.289870103,0,0.000000000114908854091584,0,0.00389392998921243,0,0.0245914443812345,0.971514625514644
"AIRE","AIRE",0.025333141,0,0.193744741477972,3.826197686,0,0.0104685892169408,0,0.00213646443744444,0,0,0.987394946345615
"ANGPTL4","ANGPTL4",0.110466919,0,0.315654589541357,4.32631153,0,0,0,0.00341265541371967,0.00765321038529182,0,0.988934134200988
"APOE","APOE",0.361991329,0.14908648,0.667519693147541,6.86114964,0,0.0171786878879346,0,0.00000000107550323447208,0.00526050022080628,0.0136997069008797,0.963861103914876
"AQP5","AQP5",0.021596294,0,0.0783313420089561,1.056012564,0,0,0,0,0,0,1
"AREG","AREG",0.175292023,0,0.565567704311484,5.918559333,0,0.00882409206439332,0.00141883858272035,0.025167084747261,0,0,0.964589984605625
"ARG1","ARG1",0.048100971,0,0.218414785316742,4.177076714,0,0,0.000000000731550530939033,0,0,0.0321307451440661,0.967869254124383
"BANK1","BANK1",0.257033779,0.016061633,0.825866910553763,6.238018641,0,0,0,0.00421570250224418,0.000000000197162046372657,0,0.995784297300594
"BCL2","BCL2",0.951215022,0.49955843,1.18568943463939,5.66185858,0,0,0,0,0.00263954913178005,0,0.99736045086822
"BGN","BGN",1.412193079,0.94070047,1.46438656453862,6.13901024,0,0.0665409025694473,0.00000000042579798240057,0,0.0145506186128461,0.0245563231030959,0.894352155288813
"BMPR1B","BMPR1B",0.085731315,0,0.183146265868748,2.091168385,0,0.000423816780021653,0,0.000000000410429228639571,0.00651217573818328,0.000000000126344606083808,0.993064006945021
"C1R","C1R",1.567185955,1.00730922,1.58733310293837,6.71258888,0,0.0129118416318685,0,0.000000000109640699919483,0.0311828100950097,0,0.955905348163481
"C1S","C1S",1.599805526,0.95436685,1.65264229986679,6.11189076,0,0.0191701737156916,0,0,0.0259393384848807,0,0.954890487799428
"CA9","CA9",0.053654227,0,0.243433187084822,3.635165164,0,0.00000000694312794791767,0.000000000302999413169927,0.00858130385800395,0.016458484319959,0.014161022075487,0.960799182500423
"CCL14","CCL14",0.329296462,0.045844979,0.746755228046256,6.024830654,0,0,0,0,0.0200396023551127,0,0.979960397644887
"CCL16","CCL16",0.078320894,0,0.304130432435371,4.476335708,0,0,0.00446095187682163,0,0,0,0.995539048123178
"CCL19","CCL19",0.201312445,0,0.735339242980411,6.851963944,0,0.000000000184879250649493,0.000000467425566475627,0,0.0185376563976429,0.0000000023749351962432,0.981461873616976
"CCL21","CCL21",0.362626207,0,1.24260921015495,7.111229225,0,0,0.000714537264503587,0.000000000337855912443685,0.0123358589096417,0.000000000263696741837759,0.986949603224302
"CCL28","CCL28",0.13055183,0,0.300187700606447,4.724640565,0,0,0,0,0,0.000000000706719961509433,0.99999999929328
"CCL3L1","CCL3L1",0.07133238,0,0.205495372306164,2.198303203,0,0.0230731122213704,0,0,0.0142563609276819,0.00509228440144267,0.957578242449505
"CCL7","CCL7",0.034316177,0,0.129416956117196,2.199123025,0,0,0,0,0.011317724169478,0.000000000114207102318135,0.988682275716315
"CCND1","CCND1",0.565124343,0.30297053,0.802719027836672,6.02483065,0,0.00616287393292718,0.00869711123071105,0,0.0545151232866306,0.00000250498769477481,0.930622386562036
"CCR2","CCR2",0.315456155,0.03913373,0.678040456668124,4.940119685,0,0,0,0,0,0,1
"CD1C","CD1C",0.17401674,0,0.511871133534125,5.702787359,0,0.0000000141009509411418,0,0.000136446642879727,0.0187253909144398,0.000000772948402967504,0.981137375393327
"CD27","CD27",0.19272456,0,0.548678279308886,5.630866049,0,0.000000000168493965438768,0,0,0.000000000826393084496127,0,0.999999999005113
"CD276","CD276",0.448227479,0.24072249,0.601114669409642,5.82420687,0,0.00845690494352713,0.000190763780160317,0.00711483501321436,0.0206721963089914,0,0.963565299954107
"CD38","CD38",0.288562782,0.057628442,0.638268265173415,5.853497658,0,0.0264904024191121,0.00000000300779461190259,0,0,0.000000141956949517857,0.973509452616144
"CD79B","CD79B",0.082330887,0,0.366858128735615,5.398200061,0,0.000000000191951901392484,0,0.00176768261010785,0.0089378784403772,0,0.989294438757563
"CD80","CD80",0.167460683,0.022900955,0.406778314380369,4.473085985,0,0,0,0.00714061626141141,0,0.0079883696446961,0.984871014093893
"CD81","CD81",1.793341113,1.75216854,1.2707297494002,6.75473689,0,0.0101162000987573,0.000000000397533429135808,0.0165264730589029,0.00429106388958271,0.00395352448651966,0.965112738068704
"CD9","CD9",1.063569969,0.54497408,1.27558787407463,6.5428958,0,0,0,0,0,0.00000000479644404514146,0.999999995203556
"CDK2","CDK2",0.420204439,0.23218818,0.671738741984449,5.01471929,0,0,0,0.00166520234356374,0.00340477092153124,0,0.994930026734905
"CDKN1C","CDKN1C",0.073109953,0,0.220261061529569,4.218202173,0,0.00644504136284308,0.00181062988872615,0.00413908068452111,0.0036020160151134,0,0.984003232048796
"CDKN2D","CDKN2D",0.157733985,0.01691098,0.492150451803988,5.939561721,0,0,0,0.000000000116487872571517,0,0,0.999999999883512
"CDON","CDON",0.33788774,0.047055767,0.742405373343421,6.020656471,0,0,0,0,0,0,1
"CDX1","CDX1",0.040034383,0,0.276907081587393,4.747886974,0,0.0181961101271501,0,0.000000000149917012617565,0,0.000000000463725025577366,0.981803889259208
"CDX2","CDX2",0.059813691,0,0.344905512466855,4.690937664,0,0,0.000804323064758805,0.000344673547426998,0,0.000000000165924617864268,0.99885100322189
"CEACAM6","CEACAM6",0.130152602,0,0.608057700804962,5.942533841,0,0.0199274679980207,0.000000000242617815480364,0,0,0,0.980072531759361
"CFC1","CFC1",0.046664843,0,0.150231132273073,2.766730382,0,0,0.00642773161063307,0.000000000109167609559387,0.0168339360957383,0,0.976738332184461
"CHI3L1","CHI3L1",0.120053916,0,0.363945123919521,5.370433097,0,0.0180457625590241,0,0.00614620949405764,0.00687403864618232,0,0.968933989300736
"CHIT1","CHIT1",0.041750281,0,0.195630432180833,4.220300997,0,0.00677605116971139,0.000000000551672398288876,0,0.00955261232240857,0.00359047342497076,0.980080862531237
"CNTN1","CNTN1",0.076025414,0,0.216607737908563,2.712742463,0,0.0113966945253018,0,0,0,0,0.988603305474698
"COL10A1","COL10A1",0.081298576,0,0.206809881187088,2.516651288,0,0.0355683496702436,0,0,0,0,0.964431650329756
"COL5A1","COL5A1",1.269952009,0.6265422,1.50108054653397,6.81090667,0,0.0321868703577825,0,0.000000059343385298725,0.00536510905894363,0,0.962447961239889
"CPA3","CPA3",0.274404812,0,1.13220256283357,7.07177404,0,0,0,0,0.0274947006879438,0,0.972505299312056
"CSF1","CSF1",0.603821543,0.26581819,0.78327349737527,5.88379589,0,0.000000000546620161715852,0.0000000247780292381811,0,0,0.000000000695283956977811,0.999999973980067
"CTLA4","CTLA4",0.259152571,0.020819234,0.806081944891871,6.322218886,0,0.000000000112786866413749,0.000000000690478537148207,0.0000226409925283937,0.0249004368645886,0,0.975076921339618
"CTSL","CTSL",0.200677944,0.02792727,0.460996997947917,4.203678705,0,0.013431183923881,0,0,0.00000000103988236985193,0.00697119134540037,0.979597623690836
"CTSW","CTSW",0.128320712,0,0.438362705002519,5.370433097,0,0,0.000000000197326355990072,0.0000000448022065602036,0.000000000234885468317367,0.0000000020464575086084,0.999999952719124
"CXCL1","CXCL1",0.114457596,0,0.335624886363627,3.406772247,0,0,0,0,0.0141246137173098,0,0.98587538628269
"CXCL11","CXCL11",0.070628902,0,0.28592248031093,5.014719292,0,0,0,0,0,0,1
"CXCL13","CXCL13",0.072009088,0,0.287092156442994,4.724640565,0,0.00279231517581071,0.0020473722596954,0,0.000000000110825791416548,0.00117128786332218,0.993989024590346
"CXCL16","CXCL16",0.22515506,0.019348797,0.449613431141253,4.509959591,0,0.0175182787863963,0.00000000174573095476103,0.000000201346299496528,0,0.00853881035749867,0.973942707764075
"CXCL5","CXCL5",0.061691645,0,0.275110178734286,6.294857583,0,0.00000000103080548542116,0.0000000165470827884575,0,0.000000000618162184993724,0,0.99999998180395
"CXCL6","CXCL6",0.145783632,0,0.514153424423798,5.014719292,0,0.000000000102871716640346,0.000000000261369775354642,0.00250504066386834,0,0,0.99749495897189
"CXCL9","CXCL9",0.045690951,0,0.293925159348914,5.366839666,0,0,0.00221895692538137,0.00051541244928478,0.00000000515067496382291,0.0131448589167574,0.984120766557901
"CXCR2","CXCR2",0.176183789,0,0.636294095515784,6.211179086,0,0,0.013223948371759,0,0.00640008116776875,0,0.980375970460472
"CXCR3","CXCR3",0.111620911,0,0.451265193690786,5.682444606,0,0.00723273263217941,0.0026355527534071,0.000000000116040060194089,0.00000000127102871357959,0.000000000701164959695196,0.99013171252618
"DCN","DCN",1.834526198,1.26244876,1.73835332144268,6.40509049,0,0.0108993897733246,0,0.000594236382735638,0.0281452087984861,0,0.960361165045454
"DMBT1","DMBT1",0.037043976,0,0.303795409831579,7.139192192,0,0,0,0.00778916423900822,0,0,0.992210835760992
"EGF","EGF",0.041093845,0,0.235752694623662,3.942088038,0,0.00382082605795608,0,0.00652013306686151,0,0.00149983502607154,0.988159205849111
"EGFR","EGFR",0.281643419,0.04466304,0.541582819436773,4.60804215,0,0.0128455243231896,0,0.000000707997795272179,0.0121916830201925,0.00636655123454858,0.968595533424274
"EGR3","EGR3",0.200871195,0.043459457,0.442435362936123,5.613097565,0,0.000000000179499298733636,0.000000000890520976374924,0.00824928569980822,0.00817511690380208,0,0.983575596326369
"EPCAM","EPCAM",0.175401841,0,0.712105997543271,5.98280842,0,0.0132212571779567,0,0.00906585712278445,0,0.00000000050442707160138,0.977712885194832
"EPHB2","EPHB2",0.20017702,0.033345265,0.364749070434473,4.608042149,0,0,0.000000000368366647839284,0,0.000000000110993459437967,0.0140380492653453,0.985961950255295
"EPO","EPO",0.021463604,0,0.128069786898542,2.252621976,0,0,0.000000000193409432610441,0.00614891809334467,0.00601699006157429,0,0.987834091651672
"ERBB4","ERBB4",0.065556198,0,0.212498021457334,3.406772247,0,0.00424339477914443,0.000335924102143075,0,0,0,0.995420681118713
"ESR1","ESR1",0.098231921,0,0.301261256651165,4.915267487,0,0,0.00653267427078224,0.00057482514870795,0.00322409742576316,0,0.989668403154747
"F11R","F11R",0.393170037,0.145520012,0.675966334887231,6.294857583,0,0.000000000126282779903851,0.00933599576238011,0,0.0176136592558981,0,0.973050344855439
"FABP3","FABP3",0.171195186,0.043955561,0.391982801504197,4.491355009,0,0,0.00785020166357164,0.000859345355145949,0,0,0.991290452981282
"FAP","FAP",0.506963862,0.15513696,0.876771496412799,6.02065647,0,0.0178629765863537,0,0.000000339184257788886,0.000303585745377354,0.0000000213352019917097,0.981833077148809
"FCER2","FCER2",0.113154824,0,0.436677072647155,6.238018641,0,0,0,0,0,0,1
"FCGR2A","FCGR2A",0.979811527,0.148602398,1.49589454452977,5.876277126,0,0.0242703832801595,0.0076899413531817,0,0,0.0227073477137309,0.945332327652928
"FEZ1","FEZ1",0.163460534,0.03263591,0.34541377880019,5.30532757,0,0.00232790331489548,0,0,0,0,0.997672096685104
"FGR","FGR",0.394785242,0.019901032,0.807800034207914,5.415775137,0,0.0100452495425209,0,0.000497394879607889,0.0144610102624786,0.00827903672045724,0.966717308594935
"FLT1","FLT1",0.343376671,0.06770562,0.839887837485157,4.85785134,0,0,0.000000000526817426275627,0,0.0183558491125039,0,0.981644150360679
"FLT3","FLT3",0.133382455,0,0.446255204995544,4.760608648,0,0,0,0,0.0230576673014469,0,0.976942332698553
"FLT3LG","FLT3LG",0.132607192,0,0.323971527639528,2.721108168,0,0,0.00206264627486577,0.027880091949249,0.00445292031245444,0,0.965604341463431
"FN1","FN1",0.762451464,0.33258526,1.08436786650172,5.86294028,0,0.0208724530955071,0.0106900440706883,0,0.0233310078867437,0.00000000013218584270465,0.945106494814875
"FOLR2","FOLR2",0.250369871,0,0.583957541749739,4.805681462,0,0,0,0,0,0,1
"FOXP3","FOXP3",0.116115527,0,0.652716246268744,6.471220603,0,0,0.000000000100612878514556,0,0.000000000178887635213327,0,0.999999999720499
"GATA2","GATA2",0.304455939,0,1.0052885590133,6.851963944,0,0,0,0,0.012676293567122,0,0.987323706432878
"GATA3","GATA3",0.276968115,0.01460811,0.665249169205218,5.104589726,0,0.0375361005175494,0,0.00255736848492466,0.0289595036949146,0.000000000760842107626296,0.930947026541769
"GATA6","GATA6",0.448350543,0.12518853,0.807388400404416,4.84402993,0,0.0000000040626446599965,0,0.00000000101307962732272,0.00626217744764718,0,0.993737817476628
"GPNMB","GPNMB",1.065071806,0.66824912,1.18325744199774,6.32245127,0,0,0,0,0.0171233856548806,0.00933975763530549,0.973536856709814
"HBEGF","HBEGF",0.217802635,0.035054897,0.515603628993394,6.105950691,0,0,0.00117224372487031,0.00107731794628842,0.00378490426930954,0.000000000341518589493681,0.993965533718013
"HLA-DQB1","HLA-DQB1",0.557693725,0.071574513,0.997729001825281,5.398200061,0,0.0194580819003867,0.00000669111136263911,0.00000000746594484285572,0.0156512665459957,0.054846930521758,0.910037022454552
"ID4","ID4",0.367249166,0.09173196,0.646841192038183,5.01471929,0,0,0.00211322747221709,0,0,0,0.997886772527783
"IDO1","IDO1",0.087957841,0,0.3302400151552,5.565683307,0,0.00933799706310417,0,0,0.0147439749776799,0,0.975918027959216
"IFIT2","IFIT2",0.234537878,0.094043008,0.500885642191137,6.008978614,0,0,0.00747241142084584,0,0,0.000000000744904520044241,0.99252758783425
"IFNL1","IFNL1",0.008879326,0,0.0317679875251196,0.303157815,0,0.0190598074738961,0,0,0,0,0.980940192526104
"IGLC3","IGLC3",0.128531348,0,0.55922419173822,5.829275427,0,0.00485265317302252,0.000722484880781922,0.00000000026928405222779,0.0076690958398704,0.00000000192056177867768,0.986755763916479
"IL12B","IL12B",0.024032382,0,0.0687005464756206,0.75914457,0,0.00718265745715068,0.00000000691536911770467,0,0,0.000000000337063855234822,0.992817335290416
"IL13RA2","IL13RA2",0.033101118,0,0.120587335069051,1.710170908,0,0,0,0,0,0,1
"IL15RA","IL15RA",0.166368131,0.05507953,0.302891785290742,4.26925728,0,0,0,0.00181734502398445,0.00731893669745566,0.000000000140294337212965,0.990863718138266
"IL1A","IL1A",0.0279805,0,0.166844922061639,4.269257276,0,0.0142265556020792,0.000399935146833328,0.00000000240490617142431,0.00129932521155943,0.000000000130139244215479,0.984074181504483
"IL1R1","IL1R1",0.875224809,0.56704617,0.998210916679577,5.50810878,0,0.0169256578900546,0,0,0,0.00000000000000000754224558285087,0.983074342109945
"IL22RA2","IL22RA2",0.038392218,0,0.202268358915071,4.714853826,0,0,0.00152710972716177,0,0,0.000905844071829924,0.997567046201008
"IL23A","IL23A",0.084839011,0,0.263510465761397,4.539224996,0,0,0.00172496387858782,0,0.000000000181454924867843,0.00446939042118075,0.993805645518777
"IL4R","IL4R",0.72342709,0.5892276,0.72991198013244,5.40351035,0,0.00000000164103187780559,0,0,0.00699628161635843,0.0131846366425757,0.979819080100034
"IL5","IL5",0.03929418,0,0.207577695221969,5.305327565,0,0,0.001964500527288,0,0.00424901784540834,0,0.993786481627304
"IL6","IL6",0.122241649,0,0.317199663931861,3.45437739,0,0,0.00491828986402149,0.0111102200480884,0.010046256149191,0.00326335151391509,0.970661882424784
"IQGAP2","IQGAP2",0.849876428,0.39117529,1.06058925684841,5.63086605,0,0,0,0,0,0.0117536039420548,0.988246396057945
"ITGAV","ITGAV",1.096333442,0.82960558,1.02670791728662,5.85708949,0,0.0163024108936571,0.000000000127801098372766,0,0.0252673513638256,0.000891262883664612,0.957538974731052
"JUN","JUN",1.220094686,0.98445718,1.16526981185192,5.87627713,0,0.0535513995766227,0,0,0.0129104169883307,0.00256375764674874,0.930974425788298
"KIT","KIT",0.294997214,0.007839511,1.02167862365485,6.661208313,0,0,0,0,0.0288549715702031,0,0.971145028429797
"KLRB1","KLRB1",0.254348579,0,0.63400960417397,5.343733699,0,0.000984486022935388,0.0173310573955498,0.0227658297757384,0.010041366182902,0.00000142320065745188,0.948875837422217
"KLRF1","KLRF1",0.142548563,0.02852202,0.301356922778967,2.55168551,0,0.000000000611307236517076,0.0000325574989410484,0.00321782307552483,0,0,0.996749618814227
"KMT2C","KMT2C",1.120508814,1.05103873,0.945455680252889,5.85708949,0,0.000000000339072902280921,0.000000000689792810324928,0.00000000162431846799914,0,0.00000000124977826455865,0.999999996097038
"LAMP3","LAMP3",0.060886779,0,0.186035191514051,2.020190832,0,0.00139711035105544,0.000000000100327943771043,0,0.00658484406735023,0,0.992018045481266
"LIF","LIF",0.267884253,0,0.775280286008828,5.305327565,0,0,0,0,0.0265789253838398,0.000000000189386207084694,0.973421074426774
"LUM","LUM",1.322432872,0.72397113,1.52112247351684,6.92557745,0,0,0.00000000024330895038207,0.00746935181974757,0.0123176608216599,0.012696234244965,0.967516752870319
"LY6E","LY6E",0.20065924,0.06868302,0.366086268055095,3.45437739,0,0.0144218347314564,0,0,0.010070773858708,0,0.975507391409836
"LY86","LY86",0.192651369,0.007488125,0.436693517192431,5.160510802,0,0,0.000000000663225431154805,0.000000000339041427947946,0.0118903971443328,0.0147650812090932,0.973344520644307
"LYZ","LYZ",0.883239794,0.167147223,1.42798485045904,7.776869421,0,0.0399681663272052,0,0.00000000107034077805858,0.000000000258883866566944,0.0113096355432745,0.948722196800296
"MCAM","MCAM",0.518093225,0.094730331,1.04038587564992,6.283676377,0,0,0,0,0.0166622281617399,0,0.98333777183826
"MCEMP1","MCEMP1",0.044371729,0,0.192642434154553,4.107134051,0,0.00000000125344822894618,0,0,0.010305063113732,0,0.98969493563282
"MET","MET",0.208398646,0,0.530338149623576,3.45437739,0,0,0,0,0.0220952666887035,0.00349303940459282,0.974411693906704
"MGP","MGP",1.50093258,1.09654189,1.42186232765164,6.60998459,0,0.0765994199474815,0,0.000000000288267739346944,0.00000000112101523850517,0.00000000124129508070073,0.923400577401941
"MME","MME",0.162740225,0,0.477070023439145,4.394259241,0,0,0.00173469136508515,0,0.00639539036906425,0,0.991869918265851
"MS4A2","MS4A2",0.226114753,0,1.00297325080181,6.352619432,0,0,0,0.00000000358549343522929,0.0382537021086052,0,0.961746294305901
"MSLN","MSLN",0.176630809,0,0.695271252351881,6.465591146,0,0,0,0,0.000000000713815616803376,0.000604560150095604,0.999395439136089
"MT1G","MT1G",0.126994594,0,0.306988620020251,4.476335708,0,0,0,0.0023641624035258,0.00624479225335484,0.000000345555919330842,0.9913906997872
"NCEH1","NCEH1",0.271509021,0.0857415,0.513566592103534,5.06491601,0,0.0324697252268152,0.000000000153233529067859,0.00000000013567366019422,0.00000000129355013994759,0,0.967530273190727
"NLGN3","NLGN3",0.041484433,0,0.122955412672516,1.831801992,0,0,0,0,0.00295367767997797,0,0.997046322320022
"NOTCH3","NOTCH3",0.443378624,0.07926772,1.0401851016669,6.62510198,0,0,0.00302472515345959,0.000000000102806656568016,0.00154929452883188,0.00521835279738501,0.990207627417517
"NPW","NPW",0.011197805,0,0.172355410087898,4.747886974,0,0.00000000372842304251092,0,0.00000000306152314231903,0.00400392179946568,0.0179601295230442,0.978035941887544
"NRP1","NRP1",1.231973734,0.70453546,1.30970108384482,5.98232715,0,0,0,0.00070551837858008,0.0122479163807338,0,0.987046565240686
"NRXN2","NRXN2",0.086672732,0,0.284922515706738,5.82927543,0,0,0.0202680841975948,0,0,0,0.979731915802405
"NT5E","NT5E",0.432671491,0.18559173,0.691786919054195,6.03139824,0,0,0.00425445355841038,0,0.0411599061647026,0.000000000349680134226939,0.954585639927207
"ORC6","ORC6",0.231001574,0.024964,0.682333775970152,6.67909543,0,0,0,0,0.00178532705477311,0,0.998214672945227
"P2RX1","P2RX1",0.275738953,0,0.7940011266064,6.105950691,0,0.00712253295634536,0.000000000144428257735846,0.000000000631740335677033,0.00337261841931759,0,0.989504847848169
"PDGFB","PDGFB",0.336231316,0.048289626,0.656453702173967,5.686676827,0,0,0,0.00000000288647693314383,0.0550211363958638,0,0.944978860717659
"PDGFRB","PDGFRB",0.517823484,0.146519087,0.909532748436582,4.881177954,0,0,0,0.000000000597898652381386,0.00420483492444004,0,0.995795164477661
"PDPN","PDPN",0.419745797,0.085517885,0.869594377123829,5.523152389,0,0,0.000576581329807021,0,0.000000000332588908240298,0.00000000189214749286759,0.999423416445457
"PGA5","PGA5",0.041862953,0,0.129915169514983,2.07426264,0,0,0.00730927713224688,0,0.0113884603299716,0,0.981302262537782
"PIK3CA","PIK3CA",0.581290195,0.4845263,0.635848006145054,5.41735596,0,0.00674051169374677,0,0,0.0165911352044544,0,0.976668353101799
"PLD4","PLD4",0.132721574,0,0.584263918648664,5.40607415,0,0.00000000294217659215963,0,0.01182009401888,0,0.00000000152443063513721,0.988179901514513
"PLEK","PLEK",0.352862579,0.025015567,0.689915336489744,5.291699741,0,0,0.00000000011037493124256,0.00331677247510415,0,0.0208706168293226,0.975812610585198
"PRF1","PRF1",0.173841286,0,0.564295421648805,4.675942847,0,0,0,0.000000000146452077608393,0.00917148994337669,0.00748901246679472,0.983339497443376
"PTGS1","PTGS1",0.400586922,0.06956862,0.734110920764131,5.87171455,0,0.00103948379557384,0,0,0,0.00214590390449645,0.99681461229993
"RAMP2","RAMP2",0.278407297,0.020116495,0.741118480451321,6.251989613,0,0.0188497975299154,0.000000000794646316370238,0.000000000101104279895406,0.031290012361289,0,0.949860189213045
"RORC","RORC",0.093552138,0,0.290409943721237,2.663482531,0,0,0,0.0232568998103062,0.00644063371762669,0,0.970302466472067
"RUNX3","RUNX3",0.360724,0.028484848,0.772815050780805,5.218444493,0,0,0,0.0109483200383957,0,0,0.989051679961604
"S100A8","S100A8",0.333232567,0,0.934200715644384,6.024830654,0,0.0260485077078605,0.000697389876532338,0.000000000230043868914074,0.0039148200394988,0.022874201663457,0.946465080482607
"S100B","S100B",0.202627698,0,0.686774494619439,6.003688404,0,0,0,0,0,0,1
"SOX17","SOX17",0.133781824,0,0.416018006111133,6.465591146,0,0,0,0.00522315967031148,0.00967048929535375,0.00271759307197768,0.982388757962357
"SPARC","SPARC",1.848962047,1.3899755,1.59612264524832,6.32245127,0,0.0534463613945327,0.00000000446586530452675,0.000000000327577628529741,0.00459583972663111,0.00000000108402907211712,0.941957793001364
"SPP1","SPP1",0.344888212,0.04280316,0.760904037048269,7.166711964,0,0.031039457416137,0,0,0,0.0495657608960111,0.919394781687852
"TACSTD2","TACSTD2",0.07773822,0,0.360705584522719,6.679095426,0,0.0104066363289323,0,0,0,0,0.989593363671068
"TBX21","TBX21",0.145160223,0,0.452903124000688,5.133059155,0,0.000000000402062929788212,0,0.000000269926613556634,0.00423921973308812,0.000000000358898896819796,0.995760509579336
"TC2N","TC2N",0.665140616,0.09884986,1.19702042206777,5.97156548,0,0,0.00230132240169831,0.0147983572516893,0.0105124934326939,0,0.972387826913919
"TLR1","TLR1",0.664546416,0.19902613,0.984203453628525,5.41280088,0,0.0129938763115408,0,0.000000000574059425123325,0.0141703266559791,0.0205572928649601,0.952278503593461
"TNFRSF13C","TNFRSF13C",0.213572377,0,0.728586247382968,5.415775137,0,0.000000000196052667747786,0,0.00223598358299895,0,0.00759356764602583,0.990170448574923
"TREM2","TREM2",0.098839847,0,0.284758116757017,2.51041122,0,0.0600306253699976,0.00000000584427414297914,0,0,0.0221787031477067,0.917790665638022
"TSPAN1","TSPAN1",0.09980362,0,0.525416542876747,5.645002057,0,0.00584510058503973,0,0.00476175226924818,0.000000000147215890385529,0,0.989393146998496
"VCAN","VCAN",1.073314177,0.51178097,1.33095483046079,6.32245127,0,0,0.00000000388890135170248,0,0.0277651725001325,0.0303750122645433,0.941859811346423
