Gene	mean	median	sd	max	Patient_ID	Sample	Tissue	Timepoint	Annotation	BestResponse	Residual
STAT1	0.988606438	0.78149779	0.969348307038872	5.40607415	11.1616938269783	0.530575681347252	0.0405798981398083	0.0000000672652364323195	0	0	88.2671505262694
LAMP2	1.190522597	1.01422265	1.06858539122591	5.13305915	6.05017463448444	0.252159095465279	0.350114477239368	0.0530400763235228	0	1.09858158085365	92.1959301356337
ACTB	3.891882143	4.2824446	1.50282024209294	6.5323721	4.71058583037188	0	0	0.000000020466821415314	3.40403740552374	0.000000321139033978449	91.8853764224985
PTPN2	1.113328092	0.8715777	1.02770081046167	5.63086605	4.45553646209985	0	0	0.64490623859922	0	0	94.8995572993009
TGFB1	1.268234099	0.95420471	1.195217512948	6.02065647	3.71876107013173	0.0000000419054306132059	0.000000253752408995662	0	0.62226160555478	0	95.6589770286556
JAK2	1.124141053	0.9076324	1.01658905326	5.39820006	3.58360295528934	1.13340648733254	0	0	0	0.000000558907670941312	95.2829899984704
S100A4	1.40874663	1.07240987	1.28349438505905	6.67909543	3.57500339769333	6.60888754847796	0.00000100982400093484	0	0.0000000187194652208128	0	89.8161080252852
CCR1	0.58028046	0.088390511	0.998711516632024	5.864976698	3.55276144631437	1.63109357173548	0	0	0	0.00000111395433332919	94.8161438679958
KRAS	0.960618155	0.78888325	0.893286458936044	6.01410969	3.37135644022683	0.38490354022515	0.0000000823019426707719	0.0000000985201410100632	0	0.00000148936312841734	96.2437383493628
IGKC	0.515968616	0.026947931	1.22085773308189	6.957591745	3.34684067578624	0.000000866188454102472	0.00000031529634126365	0	0.32478364605901	0	96.32837449667
CTSD	1.21571099	0.92443553	1.1933886906854	6.44517741	3.1301214720629	0.694728956535613	0	0.000000013892920194923	0	1.08365860420257	95.091490953306
MX1	0.589174009	0.37142417	0.767525550451185	5.22701702	3.09957956905288	0.429608145073396	0.0000306932374347573	0	0.131666460953367	0	96.3391151316829
LAMP1	1.688493984	1.6259379	1.20774635173399	6.4451774	3.00021134366383	0	0.0000000445916347202668	0	1.66232538627937	1.71892053404727	93.6185426914179
PTPN6	1.18150135	0.66750834	1.27868487085241	6.59420997	2.99301383333062	0	0.792934954031522	0.137264102163786	0	0	96.0767871104741
PSMB10	0.633926587	0.43553821	0.764899393778368	5.85708949	2.97605989767879	1.23416237808609	0.000000183506543424213	0.366401627656533	0.0000000482440712333605	0.0000000959693699368946	95.4233757688586
IFNGR1	1.570035002	1.45194815	1.26635490517231	6.103716	2.89088193316956	0	0.205051912792618	0	0	0	96.9040661540378
TNFRSF1B	1.103014837	0.5165338	1.25858814595608	5.63086605	2.67167420168479	0	0	0	1.67052249312979	0.000034920507541458	95.6577683846779
IL15	0.299931978	0.13808319	0.49441225936529	5.40607415	2.56400976869155	0	0.0000000173604644981162	0.02797758527666	0	0	97.4080126286713
CD86	0.390479044	0.035826717	0.73549515935763	4.703178847	2.50699752344667	1.69258313708256	0	0	0	0.0000000177729166243463	95.8004193216979
C3	1.756297559	1.15513644	1.77696815801354	7.17270093	2.50516430069871	1.98080519229785	0	0.0000000189628558489429	1.86575142129903	0	93.6482790667416
PTPRC	1.099932104	0.251278859	1.37693007139515	5.308965574	2.47823537951271	1.15224903752753	0.375317660669218	0.0684779059658909	1.20274833229601	0.384448015300963	94.3385236687277
CSF1R	0.893115901	0.095848644	1.53738755275195	5.767067219	2.47343260627782	0.308310594375259	0.133558281838958	0	0	1.82118856314061	95.2635099543674
IGHG2	0.313952916	0	0.960322857804814	6.374284521	2.38968314184159	1.59320162948577	0	0.0000817791017920192	0.339338647080867	0.000000767065293820228	95.6776940354247
MZB1	0.242244765	0	0.889209215192639	5.871700457	2.36373666313944	0.0000000212981955560198	0	1.19082400999172	0.0000000139303079675921	0	96.4454392916403
CD44	0.93920236	0.63551492	0.97588960040227	5.77453242	2.34853581577053	1.02211278233464	0.0011533841415735	0.104293564027708	0	0.0000315654520516743	96.5238728882735
CALR	2.560275974	2.6798758	1.39795043589474	6.7547369	2.33851862404839	1.91382815409848	0.000000078349407369635	0	0.816140088737177	0.000000637316948440732	94.9315124174496
TXLNA	0.8683296	0.78362487	0.833286993307754	6.44517741	2.2968061648421	0.10531548686885	0	0.391819214598281	0.0000000575445564150633	0.00000023243181604778	97.2060588437144
CENPF	0.214591921	0	0.698086259148535	5.398200061	2.2940085071505	0	0	0	0.962030129885407	0.0000000426309867501966	96.7439613203331
SOCS1	0.162327908	0	0.450072956077253	5.172101805	2.29321261435835	0	0	0	0.415230561711512	0	97.2915568239301
CD4	0.964624724	0.26861959	1.28596877395657	6.32056278	2.25491583545542	0.0000000118775312365278	0	0.491289401657483	0.000000203892013099386	0.519414836834198	96.7343797102834
G0S2	0.159454647	0	0.542522839104291	6.664920946	2.25174132287935	1.60365242733774	0.00000105915838625522	0.0144552153500252	0.790779909950713	0.00000129249709707397	95.3393687728267
AIF1	0.584717036	0.11115939	0.97794157875088	5.45290381	2.24471154456302	3.42543234291922	0	0.0000000302849040332383	0.0000000222454675707045	1.54139220640458	92.7884638535828
CCR7	0.087942601	0	0.313016046361766	4.717929849	2.24356967005527	0	0.0000000106328365935655	0	0	0	97.7564303193119
CD163	1.279657037	0.316979224	1.87883616113274	6.562975629	2.19851008965189	1.51541760390884	0	0	0	1.92998562990894	94.3560866765303
JAK3	0.923630662	0.45552799	1.13056456197207	5.8649767	2.14861805342612	0.82026399685891	0.525142062801301	0	0	0.0000000595379537591578	96.5059758273757
CORO1A	1.004249986	0.17543844	1.37075380515532	5.55213689	2.12991319362258	0	0.000000557462227942106	0	0	0.0000000249791271575545	97.8700862239361
ARPC5	0.82646823	0.61071209	0.92624566022627	6.85196394	2.09273644523565	0.00000060276830491878	0	0.00000149938093473301	0.0000153350352510182	0.00000430210416810966	97.9072418154757
PTPN1	0.956918679	0.76383096	0.95522836588282	5.56568331	2.05722299473278	0.0000001094022449864	0.0000000262713473991626	0	1.48363161149638	0.0000000530744589907899	96.4591452050228
ARPC3	0.69136876	0.44383606	0.826972020213528	5.48054009	2.02559211398906	0.0000000133639240375216	0	0.0000000120626636270826	0	0	97.9744078605844
CD14	0.462199529	0.053511023	0.882173617068866	5.228097614	2.02075191080227	0.722893894040635	0.00000026533185387623	0.0000019301269002386	0	0.000103556957895207	97.2562484427404
LGMN	1.402328047	0.90630885	1.5104122714106	6.44216876	1.99591300539222	0	0.0000353898365428291	0	0.430979404054345	0.0000948556130596814	97.5729773451038
IL10RA	1.276322003	0.280693813	1.55633000948316	6.465591146	1.97241184914467	1.71018981063326	0.0000000699216015077736	0.00000033676112323012	1.39815658930396	0	94.9192413442354
SIRPA	0.724519414	0.31166213	0.928880743934418	6.02065647	1.96983613732288	0.57617633010921	0	0	0	0.841309356237219	96.6126781763307
STAT5B	1.159381616	1.09584798	1.00247486611607	6.44517741	1.9436075207344	0.000000126657508272999	0.192472709081222	1.41284210206417	1.33831904756388	0	95.1127584938988
TNFSF12	0.500960847	0.3301437	0.635798139268374	5.64669329	1.92971894612723	0	0.627987431914547	0.374167609375691	0.651442672525601	2.37326136395327	94.0434219761037
TUBB	0.630076728	0.39242152	0.896485738079334	5.36442078	1.85796082464883	0.50505077837617	0	0	0.0000000604808796487078	0.000000794615069146745	97.6369875418791
STMN1	0.494608674	0.16827953	0.999661435503959	5.609210516	1.8491231849089	0	0	0	0	0	98.1508768150911
NCAM1	0.172410919	0	0.423829508818054	5.868901404	1.82009238958159	0.0445284040120394	0.000000144414667849674	0	0	0	98.1353790619917
VSIG4	0.686195794	0.04150574	1.28874252051971	5.4435282	1.81105571032055	1.40877977633096	0.0000000251566710235691	0.0000000199238172566975	0	0	96.780164468268
ATM	1.838423615	1.6318716	1.37424851998554	6.3205628	1.77439770695402	0	0.34687922800365	0	1.18326960720581	0	96.6954534578365
CEACAM1	0.199707322	0	0.547001081469594	4.942594601	1.77091495910215	0.000000188892666534997	0	0	0	0.000000679824326378642	98.2290841721809
IFNAR1	1.121869249	1.07066364	0.94088676887313	6.29485758	1.76662411336539	1.14204849782916	0	0.000000616416351788275	0.646874187418612	0	96.4444525849705
ID2	0.754235408	0.43672428	0.915819031378136	6.2879791	1.67005185468082	1.01550792756311	0.00000211447955138185	1.49480538684289	0.000000239794109212189	0.0000000686460261779462	95.8196324079935
UBE2C	0.209973363	0	0.664730883068148	5.052181426	1.60443660516935	0	0	0	0.0000000162227595210808	0	98.3955633786079
MARCO	0.353433438	0	0.901690041290346	5.675641968	1.59570177938272	1.88258114291726	0	0	0	0	96.5217170777
IL1B	0.029753541	0	0.0907641907223232	0.992050904	1.56633481954891	0	1.24613486499989	0.0464277234557244	0	3.43451906644823	93.7065835255472
IRF2	0.7686585	0.64138875	0.80538924417233	5.86294028	1.56239567972557	0	0.131520092905429	0.415368304514535	1.77897398423412	0	96.1117419386203
AKT1	0.770102685	0.64441919	0.82672940867044	5.82420687	1.55655165890585	0.0000000855929835743526	0.000000118130457529194	0.0197052614174428	0	0	98.4237428759533
ENTPD1	0.76342329	0.26989392	0.999920489305955	5.7045412	1.54359716643473	0	0.317452615183679	0	0.940757750485471	0.772232206600673	96.4259602612955
TNFRSF14	1.306086557	1.12325852	1.10823019951596	5.70505705	1.53190431968123	0.109457617404817	0	0.0000000203241760658001	0.482772556523601	0	97.8758654860662
ITGAM	0.800386565	0.122710236	1.20906843462155	6.105950691	1.50521643353757	3.22651663035832	0.00000025401780172873	0	0	0.901217734808797	94.3670489472775
DGKA	1.070513567	0.63233876	1.24284375807859	6.09189977	1.48693313076051	0	0.625589950381083	0	0.304594453034955	0.000000143650670264248	97.5828823221728
BRAF	0.822829969	0.71839417	0.786821932832997	5.38896577	1.48593490540508	0.000000142250865645935	0.000000037002186446093	0.000000225141671392063	0.672834383142147	0	97.841230307058
HLA-B	1.719302126	1.47507614	1.42707963027586	5.63086605	1.48394348620053	0	0.737689580278163	0.0000000233935127523482	0.0000000098361880664339	0	97.7783669002916
COTL1	0.51867856	0.233553032	0.795030960887403	5.630866049	1.45420374401617	0.0000000179310685187504	0.000000527659959215855	0	0.000000080914211210715	1.1478971136781	97.3978985158005
FCGR2B	0.875486524	0.147536811	1.34245286901446	5.864976698	1.44464157877911	2.10368748692058	0	0.701775604207511	0	0.24532986308592	95.5045654670069
IGHGP	0.351347741	0	1.05856922815897	6.391991443	1.42932984603766	0.923383172026606	0	0	0.49098628477081	0	97.1563006971649
HAVCR2	0.377149005	0.031966395	0.708455470621129	4.915267487	1.42677213255601	2.53960069687438	0	0	0	1.10795062176122	94.9256765488084
LILRA5	0.137709925	0	0.385943047613594	5.291699741	1.42521640598951	0.059985781430078	0.0000000270794020555894	0	0	0.000000153708042511749	98.514797631793
CCL20	0.059079788	0	0.165001520278808	2.180022457	1.42118784826844	1.26654561765342	0.509979970938857	0	0.700219236345855	0	96.1020673267934
CDK12	1.042794556	0.95818228	0.926454684652727	5.21800502	1.41766559671707	0	0.0000000220248114033961	0.0000000233208469709432	1.88905307785802	0	96.6932812800793
C1QB	0.364378165	0.006639832	0.783306109466423	5.375523029	1.3916923028861	0.556137495386887	0	0	0	0	98.052170201727
GZMH	0.164664414	0	0.593092518203408	5.03753427	1.38840666591152	1.23218245209916	0	0	0	0.0000000392958220298688	97.3794108426935
TOX	0.278600668	0.01550259	0.620604810062712	4.747886974	1.3882922451596	0	0	0.891561317160732	0.539832572307719	0.000000016866678256778	97.1803138485053
JUNB	0.418373765	0.228025997	0.568621662868777	4.891033627	1.38779995191331	2.61569412298443	0	0.0000000420789074756126	0	0.00000023668377948471	95.9965056463396
ITGAE	0.16180321	0.04484591	0.363202641934849	4.27331561	1.38569896585479	0	0	0.548654784159317	0	0	98.0656462499859
CD226	0.284547523	0.03134538	0.569349972832771	3.50680236	1.38249154393447	1.21403023230611	0.321389925225981	0	0.309827976076355	0.734902260182391	96.0373580622747
HSPH1	0.813775659	0.57206912	0.889043706082314	5.94956696	1.37994858809178	0	0.0000000736432236944648	0	0.91447573637237	0.000000809231476648101	97.7055747926611
GLIPR2	0.376175427	0.19467836	0.53831944381711	4.53083243	1.36258109699569	1.34768649603838	0	0.0000000766754836844109	0	1.34056353185783	95.9491687984326
DLL1	0.201363754	0.04392403	0.43078695727926	5.20524277	1.32616304289849	0	0.0000000143805446862186	0	0.560717974974927	0.000000387842562380146	98.1131185799035
SELENOP	1.979856783	1.64083545	1.60215095812423	6.81439748	1.30594747992086	0.52216290269841	0.380365021311999	0	0	0	97.7915245960687
ISG15	0.196584	0.07025134	0.391590132998258	4.97858825	1.26852308633024	1.67574481152737	0	0	1.46885293649147	0.00000125074172688231	95.5868779149092
HIF1A	0.653951238	0.47643637	0.724497363605823	5.01070097	1.26789440943266	1.80609104171461	0	0	1.38519425765436	0.340953552121741	95.1998667390766
CD47	2.016380468	1.933136	1.37353995766436	6.4655911	1.22904938665729	0	0.302395998110294	0	0.144664070512077	0	98.3238905447203
TRAF2	0.17391057	0.06023065	0.373545727649283	5.86294028	1.20282541483997	0.8802496517293	0.00000712504150629699	0.000011113289437362	0.038834318668657	0.000159797177759808	97.8779125792534
MIS18BP1	0.917963717	0.59113044	1.05499659560317	6.44517741	1.19979770017029	0	0	0.0277903958841195	0	0	98.7724119039456
ANXA1	1.390050129	1.14258665	1.18043076344153	5.87627713	1.19013047863962	0.209935676050797	0.229365244832457	0	0.309521047479113	0.000000196249724604952	98.0610473567483
CDKN1B	0.877940621	0.70518391	0.862839559540598	5.21800502	1.17001711795215	1.2249559394773	0.99883849528344	0.0844004144000321	2.71826880924915	0.0000000384134376886995	93.8035191852245
ARID1A	1.043397618	1.00649878	0.9313273333143	5.87627713	1.16265317869206	0.000000195211944901627	0.195320950682776	0	0	0	98.6420256754132
IL2RB	0.359842049	0	0.900576739236468	6.091899768	1.16092716718797	0	0.453346328823247	0.680503090822576	2.1108447426381	0.0000000870960959966085	95.594378583432
ANPEP	0.305636097	0.081244943	0.520926437836153	3.606955032	1.14152349233461	0	0	0.961698381547407	0.0000000325944846238251	6.21363283441463	91.6831452591089
STAT6	1.524931462	1.50463478	1.17290682102933	7.15795999	1.12957657168724	0.0993169345361886	0	0.0449845148055623	0.996005840530451	0	97.7301161384406
CXCL3	0.112256715	0	0.353516012926986	5.210352012	1.12314851821521	0.750394818176139	0	0.531699106102693	0	0.0000000486400722799368	97.5947575088659
LGR5	0.084163501	0	0.323068655043977	5.064916006	1.11940708428672	0	0	0	0	0	98.8805929157133
IRF4	0.290714088	0.018962631	0.788294683693046	5.908439462	1.10171653169855	0	0.205631965169563	0.0252784860477318	0.0000000369055266159357	0.0000000309632480645032	98.6673729492154
IRF5	0.371676667	0.031273393	0.664125941236673	5.370433097	1.09071506032069	1.76012879458165	0	0.00763836673589992	0	5.19151021443475	91.950007563927
C1QC	1.051795272	0.244500546	1.62831051160806	6.359774041	1.08324246680917	2.27941844642813	0	0.000000288269780845223	0.246774147979376	1.62638580798743	94.7641788425261
S100A9	0.793726971	0.180554401	1.43224967697779	6.6065545	1.08143640420788	2.93954218562767	0	0	0.231550770081509	2.79771864692191	92.949751993161
AXIN2	0.244605338	0.027425954	0.484349187622493	4.269257276	1.07269683673684	0.764789100526614	0	0.000000304391163949268	0	0.0299813238369689	98.1325324345084
PLA2G7	0.157538889	0	0.346138268394343	3.826197686	1.06650085888516	1.58682495234274	0	0	0	3.12454129001618	94.2221328987559
CXCR5	0.063280537	0	0.23707944351246	3.085747503	1.06173283559433	0	0.197410052670685	0	2.08264399785351	0	96.6582131138815
CST7	0.185913395	0	0.500560846077866	4.675942847	1.04786313464386	0	0.0000000756017033951718	0.0000000221002528369392	1.96998026418713	0.0000000122517992653729	96.9821564912152
GPR171	0.250880495	0	0.606070857643978	4.792019767	1.03861970618939	0	0.172829335782782	1.9832536487482	0	0	96.8052973092796
PAX5	0.109862841	0	0.535303485817579	4.952274596	1.03220746157715	0	0	0.444015754931468	0.0534255441043844	0.0000000906425709270712	98.4703511487444
FCGR3A	0.466319017	0.034060542	0.887499563711561	5.41280088	1.02391906273221	2.00027471459919	0	0	0.000000076549509728647	1.88244263673191	95.0933635093872
CD274	0.131527871	0.003183477	0.350233129427176	4.703178847	1.02349641918195	0	0.000000152851067573101	0.308225594303416	0	0.0000000309061377871076	98.6682778027574
FCGR1A	0.159395434	0	0.417901734332968	4.915267487	1.02216282826358	0.731082404187027	0	0	0.000000058246664117639	1.22758426674618	97.0191704425565
FCMR	0.574062808	0.041822318	1.17782222118084	6.471220603	1.01396693866848	0	0	0.0000000489983603215955	0.0000000226334826957202	0	98.9860329896997
RB1	0.84964375	0.67082657	0.882698990826126	6.67909543	0.99663718307493	0.575490666964102	0	1.8776657590748	0	2.08008187549708	94.4701245153891
C1QBP	0.654096173	0.52005444	0.744102020397449	5.64669329	0.996564566058009	0	0.00540757515079454	0	1.08666804744653	0	97.9113598113447
LILRB4	0.146277918	0	0.379142558695735	3.026488472	0.995173695318798	1.83237229231996	0	0	0	0.170729721156936	97.0017242912043
FOS	0.36329453	0.116752229	0.643188155302517	5.646693287	0.993283045061727	0	0	0	0	0	99.0067169549383
TNFRSF17	0.120832227	0	0.492035089717127	5.218005022	0.991293455863982	0	0	0	0	0	99.008706544136
CMKLR1	0.564349462	0.16594149	0.947703360706638	5.41280088	0.976297995159014	0.586084792900745	0	0.261898625001323	0.000000308366034368168	0	98.1757182785729
IRF8	0.753688258	0.158178651	1.24665597757731	6.150775904	0.968666694505718	0	0.0000000265592853479892	1.24455912831235	0	0	97.7867741506226
LYVE1	1.084020653	0.28410666	1.69006144332033	6.50239647	0.965002555020238	0	0	0	0.527825623797669	0	98.5071718211821
GRM7	0.024051616	0	0.0776573925802756	1.218503836	0.960440020883988	0	0	0.0000000122223009611052	0	1.75544590613253	97.2841140607612
JCHAIN	0.565267907	0.041561219	1.33915715725477	6.67169814	0.959960443167538	2.27988225705331	0.000012861748801805	0.313270388315223	0.475328377866716	0.0000000327108470525303	95.9715456391376
COL1A2	2.659179856	2.23291324	1.96834553644365	7.13793677	0.959319854580365	1.72078162143378	0	0	1.33577406626198	0.738612160363897	95.24551229736
SHH	0.044016627	0	0.24352736133033	5.20524277	0.955858813065119	0	0	0	2.31021339504429	0	96.7339277918906
TP53	0.697357669	0.51952608	0.823123753128882	6.85196394	0.94109107398485	0	0	0	0	0.00000133746738060147	99.0589075885478
DERL3	0.186764935	0	0.692996912101584	5.709332856	0.939713731500509	0	0	1.37879580219766	0	0	97.6814904663018
SAMD3	0.378685844	0.026662158	0.912824509729979	5.312236514	0.939213220314632	0	0	0.269075830861579	1.37343480137696	0.0000000324819440148143	97.4182761149649
FCER1A	0.169450562	0	0.530257856162084	5.40607415	0.916884083797181	0	0.000000531394217351613	0.143793933614892	0.505413550663816	0	98.4339079005299
JAK1	1.490600087	1.42514994	1.13811503237351	6.28367638	0.888295712134024	0.00000293417871766127	0.0000000798605989502547	0.00000101011759710578	0.540401359530046	0.00115702639588552	98.5701418777831
ACTA2	2.01950741	1.837012	1.40914214690149	6.3284186	0.887110626825014	2.03278874956052	0.0000000623088797655977	0.000000411326514887848	0	0.0000000640790065003277	97.0801000859001
CTSB	0.523099698	0.15158366	0.88298931338699	6.29485758	0.875889290233511	0	0	0	0.0000000354375074351414	0.365548913580237	98.7585617607488
IL12RB2	0.136195791	0	0.350207920987563	3.943475555	0.869323639312675	0	0	0	0	0	99.1306763606873
FAS	0.739730331	0.45184232	0.857385070982505	5.63086605	0.853336813186296	0	0.0260590948344294	0	0.092512483536085	0.000000276385434658986	99.0280913320578
IFITM3	2.48878288	2.4134197	1.44168833196241	7.3121344	0.848839415270234	0	0	0	1.26896802265479	0.23683315930023	97.6453594027747
CXCL2	0.015201747	0	0.0608569966130566	0.875570152	0.842913697906167	0	0.0252309556316208	0.0000000444321156122622	0	1.66651588391443	97.4653394181157
GPR183	0.2638753	0.013662467	0.559595928884598	5.440868835	0.822839780578602	0.000000015658932996085	0	0	0.765817974530182	0.000000047625392452725	98.4113421816069
IL22RA1	0.011075491	0	0.0449272086715464	0.598171523	0.817335497519272	0	0	0.15165958990084	2.3161130123664	0.00000327738170852508	96.7148886228318
TRAT1	0.242381082	0.01623529	0.583701021373429	4.51380249	0.810872137136662	0	0.0953149143171732	0.412107641613813	0.289416854183229	0	98.3922884527491
NOTCH2	2.879259218	3.1478505	1.57891453927306	6.7125889	0.806989020064178	0	0.631239741477269	0.0000000551060221083923	0	0	98.5617711833525
CCL2	0.187646386	0.053076852	0.434275236094856	6.294857583	0.787965777601107	1.32259238250798	0	0.0000000127679486722777	0.68295859549185	0.0000000184982161664043	97.2064832131329
SELL	0.528323878	0.079126299	1.00574317740709	5.630866049	0.780935193272217	0	0	0.369152160016249	0	0.00000017814153534531	98.84991246857
ERBB3	0.193400693	0	0.685921065903213	6.905151855	0.777758248375562	0	0	0.0000000112975291229347	0	0	99.2222417403269
FADD	0.295296551	0.18900581	0.510606174664379	6.51587538	0.755101517017555	0	0	0	1.17447866015491	0	98.0704198228275
LTB	0.401367932	0.016954813	0.887616182031951	5.85708949	0.748544488904045	1.18368868299769	0.233459364749155	0	0.135866011991054	0.0000000332777873183959	97.6984414180803
CD1A	0.031734092	0	0.218569711738582	4.107134051	0.740411648705236	0	0.578909488922389	0	0.0956717158045223	0	98.5850071465678
STAT3	1.434186852	1.4331574	1.01974491835514	5.6824446	0.726733156027846	0.000000058483393108717	0.041487986028117	0.0000028498036272493	0.133464174152879	0.0000000261970707224314	99.0983117493071
GZMB	0.156990265	0	0.74686497764678	5.773260862	0.726621909188216	0	0	0.79868275025173	0.0000000559102014663429	0	98.4746952846498
CDK6	0.537206036	0.36938066	0.678925616900758	5.41280088	0.719710550514223	0.0000000256669416744931	0.00000250577783903575	0	0.000000102703748789196	0.000000196095661611958	99.2802866192416
GZMK	0.257565939	0	0.755762870569139	5.619924948	0.718193725851359	0	0.123153404707031	1.06382674860143	0.8817438939109	0	97.2130822269293
CXCL10	0.044994148	0	0.175832490793454	3.826197686	0.713149213680742	0.939171053240979	0	0	0.558067542389783	0.0000000138123108786057	97.7896121768762
TNFRSF9	0.114586167	0	0.322978716663636	4.476335708	0.712106916498956	0	0	0.000000204283370907876	0	0	99.2878928792177
CD248	0.407001987	0.14087345	0.639587830421139	5.33893426	0.705045715387645	0.0000000130577865165923	0	0	1.86241854550988	0	97.4325357260447
CDKN2B	0.135292852	0.005812399	0.337438802465455	4.269257276	0.70115955710554	1.09030381853379	0	0.177349572908942	0	0	98.0311870514517
IL2RG	0.81207716	0.101648563	1.2938602427893	5.858667779	0.700302545481276	0.000000131351656490726	0.788045281263699	0	0	0.0000000716508109607966	98.5116519702526
TIGIT	0.255655596	0	0.715471416076431	6.010011817	0.693764146993307	0.112292808526271	0.0000352414800059081	0.687621893660203	0.693649589776407	0.000000360886702305233	97.8126359586771
IL10	0.11896141	0	0.281832368927584	2.330590225	0.690617620223032	1.43970987383196	0	0.0000000754657877181677	0	0.000000113990622672845	97.8696723164886
GPR34	0.586645031	0.088065795	1.07015860185062	5.939561721	0.683978375051714	0.0000000126830396181261	0	0	0.0000000421670325599717	0.50752859207786	98.8084929780204
CD3E	0.58104793	0.006043982	1.3097550492803	5.858667779	0.678493571495905	0.0749475855725989	0.00697588675435474	2.05245656095066	0.780022337693748	0.00000468746581272936	96.4070993700669
CEACAM8	0.153724459	0	0.55103330785425	6.465591146	0.648449832715081	2.23040130904088	0.00000252023624862897	0.000000140697359402449	0.425443149005843	0	96.6957030483046
TCF7	0.301386652	0	0.7134489515351	4.853108545	0.618418283461213	0	0.0000000305223063204203	0.794998398022947	1.52411994384264	0.0000000518547471387195	97.0624632922961
IL2	0.090615683	0	0.214053704768278	2.014588554	0.612772209509758	0.00000010853862049589	0.217210075255217	0.877517932688903	0.0000000673187257271031	0	98.2924996066888
IRF1	0.70714421	0.39145955	0.924938857682401	6.42752559	0.607120109470591	0.321411572188236	0	0	0	0.00000099881312156983	99.0714673195281
CCR4	0.222569761	0	0.644135177817474	6.322218886	0.597997529917221	0.399564912692307	0.000000170997031403868	0	0.368088103860208	0	98.6343492825332
IL18	0.656233507	0.17160066	1.03288197374307	6.46559115	0.597826210157641	0	0	0	0	0	99.4021737898424
TFF3	0.123581019	0	0.571180669164394	5.942353848	0.596910821607232	0	0	0.0000000264953753618069	0	0	99.4030891518974
MUC5AC	0.041316154	0	0.157007020107472	2.748350755	0.594857568779648	1.31187298005501	0	0	3.70741391848465	0.00000111918763809471	94.3858544134931
IGHG1	0.415865237	0	1.13867305062261	6.782120486	0.593277572455459	1.85249200856657	0	0.000000366742635177918	0.632461279645262	0.0000000162758043655905	96.9217687563143
CD68	0.36646818	0.054213747	0.690861965290351	5.014719292	0.590817811673388	0.647451075398905	0.0000000697756819529437	0	0	0.0247068383600905	98.7370242047919
IL2RA	0.295424222	0.017818249	0.673379196504508	6.090102646	0.582967677896497	0.358032373648925	0	0	0.754517003676913	0	98.3044829447777
NOD1	0.459333543	0.28001227	0.647324331180575	6.44517741	0.576576818774649	0.614838869089634	0.000000340305032609443	0	4.03814564715568	0	94.770438324675
SOS1	0.8186291	0.63246734	0.839381630917393	5.29169974	0.57202209827854	0	0.44037286548427	0.998228385571753	0.753499849722016	0	97.2358768009434
CNTN5	0.021845334	0	0.0765348254961615	0.863760698	0.569250408572027	0	0	0	0	0.000000282908361678981	99.4307493085196
CLEC10A	0.317342287	0.008806813	0.712479235859752	5.480540086	0.568328781477786	1.4944975189205	0	0.243184348893777	0.385646474176047	0	97.3083428765319
IFITM1	0.665380507	0.28598322	0.873285109699587	6.06125151	0.567733069339535	0	0.824055507345714	0	3.50093892501232	0.000000198219486413433	95.107272300083
ITGAL	0.615456978	0.057616393	1.05646208007761	4.844538034	0.565237556456114	0.902542262129107	0.00684072681724276	0	0.516221874512507	0.00000000447588240295282	98.0091575756092
CCL15	0.013705873	0	0.0872855385666097	1.451676146	0.563664360691139	0	0	0.000000580717139701778	0.573279529084935	0.000000118710044429873	98.8630554107968
CD79A	0.1488336	0	0.597420027502768	5.308965574	0.536917283981497	0	0.00000295777530105252	1.91936110901323	0	0	97.54371864923
DDR1	0.213710706	0.05088124	0.48340658402919	5.41735596	0.534577003712575	0	0	0	0.0000000230366207373161	0.0000000224443820504468	99.4654229508064
GNLY	0.067202478	0	0.315236942950264	5.472826607	0.526757629658224	0	0	0	0	0	99.4732423703418
CD74	1.864595492	1.09016468	1.87771782465559	6.20016525	0.525389932279314	2.77621835290645	0	0.295211144467633	1.13011386174603	1.12469453176661	94.148372176834
CD37	0.162080081	0	0.387849061938409	4.844538034	0.517993187322488	0	0	0	0.0000000396583535387285	0	99.4820067730192
SOX9	0.086283646	0	0.377928012674843	5.436689734	0.508997429600071	0.000000267878364021317	0.0349284693791689	0	0.858914785608414	0.0341862902459412	98.562972757288
ICOSLG	0.36024539	0.115108871	0.617612399110649	5.228097614	0.507159474546069	0.000000291538797225603	0.000000912962139749776	1.71800768976496	0.000000125235158370604	0.00000101508295683521	97.7748304908699
PSAP	2.032928298	1.7232739	1.47262908808115	5.9185593	0.500850079459192	0.146638351597762	0	0	0	0.889130298584184	98.4633812703589
LILRB2	0.548195361	0.034418529	0.968815993204047	5.750401173	0.488739533353517	2.19213799566606	0.0373337895493564	0.866253301463118	0	0.789816197842105	95.6257191821258
IL32	0.729316417	0.19100206	1.21843066917758	6.0922299	0.488089844384998	1.11214487757655	0	4.10610750759543	3.84830335429551	0	90.4453544161475
ACE2	0.023501371	0	0.0789741931673029	1.115063726	0.480386670663335	0.62863718311453	0	0.221036829041236	0.168555389960575	0	98.5013839272203
CCL8	0.082674831	0	0.276691419154918	4.68813499	0.472013493998465	1.3909937154916	0	0	0	0.000000230108785260358	98.1369925604011
NF1	1.073576036	0.92087532	0.996655213760611	6.46559115	0.464448823071577	0.158342925012816	0.472701124662576	0	0.225412373900706	0.000000127283425797961	98.6790946260689
PLVAP	0.40920587	0.060352655	0.966310773389884	6.024830654	0.456257141764647	0	0.0000000852767032263265	0	0.823260039824549	0.0000000195947323858325	98.7204827135394
CD40LG	0.209042381	0	0.689259837963719	6.210178956	0.449699196653802	0	0	0.552231694849259	0.385163393023389	0	98.6129057154736
TUBA1B	1.088672684	0.79110781	1.2110277442336	6.44517741	0.437861560100826	0.00000012432776678573	0	0.0000000354942404242354	0	0.23748059744928	99.3246576826279
IGHG4	0.25138593	0	0.858252868447789	6.286668361	0.428434752502473	1.25299674258023	0	0.0366696274506572	0.944355544643891	0	97.3375433328228
CDK1	0.303265125	0.008014797	0.943861411045372	5.480540086	0.427452653176249	0	0.0000000149688438951775	0	0.0000000177602807604275	0	99.5725473140946
MMP9	0.0288985	0	0.114610818352419	1.535960011	0.426857100851081	0	0	0.0000000436176835623455	0.193115282799127	0.0000000204995323306104	99.3800275522326
CD180	0.41075772	0.039593317	0.784886075654477	5.308965574	0.423220338745718	0.36873339165398	0.000000016639185468405	0	0.720871182339925	0.0000000758739757311541	98.4871749947472
CCL4	0.234558897	0	0.636051654351919	4.561603297	0.420745268400522	0.0000000428806733248178	0.0000000559468209196556	0.045028142756778	0.127249565837711	0.431547006569783	98.9754299176077
CD3D	0.351410214	0	0.8582820438338	5.218751888	0.408269319526611	0	0	1.50932723321021	2.83782674917922	0.0000119469862441255	95.2445647510977
NGFR	0.315982432	0.07652178	0.60881542348331	5.33893426	0.40571818050554	0	0	0.0000000389715236941655	3.87065789915676	0.110523676431797	95.6131002049344
GZMA	0.345804405	0	0.976042359596698	5.823252733	0.404638434221254	0	0	1.03605339587282	0.389227253857226	0.00000743930336722092	98.1700734767453
TGFBI	1.754827694	0.99445855	1.77383724976243	6.32056278	0.401576374406091	0.0000000463374209365387	0.0000000346755640463926	0.484699173604936	0.0000000343970330238523	0	99.113724336579
MYD88	0.757121514	0.48072368	0.91283713009399	6.46559115	0.379957202902846	1.24311983663239	0	0.0000000107435825651757	0	1.27706912619216	97.099853823529
IFIT3	0.378507026	0.20399142	0.590487775246167	5.60474105	0.373773989446102	0.650596870314796	0	0.0000000247071613431588	2.91808171639055	0.000000188730949006834	96.0575472104104
VEGFA	0.99583926	0.56907998	1.15773409219159	5.75040117	0.358007357827545	0	0.0000000201779710194897	0	0.713126596416793	0.000000118063612570864	98.9288659075141
BATF3	0.092510801	0	0.257594052873761	5.370433097	0.356429472300109	0.10862477553666	0.580204459273782	0.218186891968525	0	3.63334563937587	95.1032087615451
CD8A	0.288328326	0	0.814002792927168	5.226256315	0.351504433974188	0	0	0.794765831497514	0.791649179229249	0.00000172582411424346	98.0620788294749
CD8B	0.124424138	0	0.37176405539292	5.133059155	0.349093303682017	0	0	0	0.971297155935534	0.181945651985285	98.4976638883972
CDKN1A	0.360507557	0.13555495	0.543602500316395	4.74780279	0.345059139393995	1.86595660181737	0.0688109674834972	0.000000137933029056228	2.5682050695191	0.359149087663873	94.7928189961891
CTSE	0.056818257	0	0.312750866890691	5.103657238	0.339747586324321	0.0000000132015887815149	0.0885907588279827	0.0481628201820758	0	0	99.523498821464
CCL13	0.247252139	0.0304428	0.579693525711004	4.84402993	0.334799846176513	1.687449638644	0.0000566365904491773	0.000000105636678432573	0	0.000000224283191563194	97.9776935486692
IL4	0.079887979	0	0.323739954972659	5.440868835	0.332846516070538	0	0.000000371378608370959	0.000000148404110265406	0.00000227496144139939	0.181080528573737	99.4860701606116
LCK	0.39856022	0	0.954991058147791	5.630866049	0.331798007768577	0	0	0.0696489768563125	0.855490188258724	0	98.7430628271164
IGHM	0.260028969	0	0.899531470437665	6.238018641	0.328869998008073	0	0	0.565827695514702	0	0	99.1053023064772
ERBB2	0.424532405	0.16287357	0.719784631099854	5.2898701	0.322181912785345	0	0	0.145520706235651	0.794464049153144	0	98.7378333318259
CHL1	0.163291755	0	0.492649514579366	6.257223542	0.320266071855549	0	0	0.395574340606332	0	0	99.2841595875381
TMPRSS2	0.056004014	0	0.307000105497048	4.724640565	0.319520593681827	0	0	0.0000000273689684752397	0.0000000117059850977825	0	99.6804793672432
FGF2	0.166402183	0	0.406284032124385	5.64669329	0.317449631397961	0.0000000921895880938427	0.111579826405328	0.0000000114515685207686	0.000000115906089822785	1.49693491729999	98.0740354053495
MPEG1	1.046445437	0.21968831	1.5538894651451	6.3652095	0.317147771831414	0.0984360646809781	0.000000205379813857289	1.14128129891156	0	0.000000504746980722995	98.4431341544493
FKBP11	0.655789941	0.40003279	0.928408177753701	6.02065647	0.316714430866353	0.105211970794278	0	0.0000000958194827093495	0.478952904497912	0.0000000117347372966895	99.0991205862872
RNF43	0.065419705	0	0.378992244365177	5.398200061	0.305307739561982	0	0	0	0	0.000000155724108363387	99.6946921047139
MS4A1	0.261746074	0	0.986518288712401	6.153828721	0.304708010555882	0	0	0.0000000126016052002632	0.973522540816403	0.11021008001453	98.6115593560116
SOCS2	0.321858364	0.1320936	0.540583749528051	5.30532757	0.304165840284519	0.728718287020544	0.0307044849300272	0	2.01027923417415	0	96.9261321535907
A2M	1.083341521	0.55655407	1.29354405111576	5.87627713	0.297540806305212	0	0.21460660830694	0.619009027127348	2.45631526874783	0.522688285533636	95.889840003979
VIM	4.211193283	4.6058035	1.45612294682693	7.2866708	0.293614580481988	1.48739245828208	0.0249503920807262	0.0339148512057941	0.035962794939078	0.0000370004267060855	98.1241279225836
NOTCH1	1.186860364	0.85065326	1.18917084964998	6.25198961	0.289758256512397	0	0.566614535439678	0	0.93566643601511	0.067453644348544	98.1405071276843
IL1RAP	0.280693089	0.16656541	0.490605216444229	5.64669329	0.289745177110441	0	0	0.0000000817092408185903	2.13075780613571	0	97.5794969350446
CD19	0.13120318	0	0.562218000348507	5.416160851	0.286515703573285	0	0	0.396919128844906	0	0	99.3165651675818
CTSS	0.371891853	0.058892699	0.700848245294475	6.090102646	0.279519628267956	0	0.0000000215423287247804	0.0000000329793464968216	0.191237254473799	0.598329646360893	98.9309134163757
CDKN2C	0.282145975	0.069696009	0.691249558201317	5.480540086	0.270005140796411	0.0000000434469358784485	0.0000000296929223720996	0.0000000158702033193906	0.835071390524005	0.258510482108057	98.6364128975615
RGS5	0.381462065	0.12372414	0.756325870867309	5.3704331	0.25789165037314	0	0	0	0.134438415527455	0.0751640642521779	99.5325058698472
CD2	0.739057756	0.042653871	1.4747440818661	5.630866049	0.256123508090354	1.08938689012392	0.32517858171576	1.16109351560891	0	0	97.1682175044611
SDC1	0.22878023	0	0.803594324090812	5.937816681	0.249666382514126	0.0000000245900354366314	0.492754681780656	0	0	0.375955712191148	98.881623198924
SLC40A1	1.118120608	0.75377365	1.17484104003864	6.29485758	0.246808573725691	0.354450399128085	0.104973274134921	0	0.777510704594533	0	98.5162570484168
FCRL3	0.126754194	0	0.471662432742483	5.801570431	0.243636718741481	0	0	0.34330817491114	0.415876668290922	0.000000544518973916927	98.9971778935375
CD247	0.396944849	0	0.962272296299781	6.090102646	0.241376449246882	0.707101754849808	0	1.83471105112191	0.791220496050577	0	96.4255902487308
DUSP2	0.102260659	0	0.339481270268281	5.449466443	0.240558418412667	0	0	1.10403132805432	1.13840188558401	0	97.517008367949
CCL5	0.287538051	0	0.805344448759816	5.364420775	0.235723311590727	0	0.0000000215243277355489	0.847385113637224	0.00000169847482941854	0.000000891606784505778	98.9168889631661
PTEN	1.951039142	1.9718352	1.23331254743805	6.4451774	0.234579667049382	0	0.0737970076961709	0	0.607778964867914	0.0000000249441364701588	99.0838443354424
SSR4	0.801441206	0.5204509	1.0172566378316	6.40799908	0.223386272538502	0.0010903315194011	1.12905515380989	0	1.90151430797025	0	96.744953934162
PAK4	0.272296292	0.13344675	0.521992858209895	5.61474847	0.210431801315583	0.540618168981135	0.0264112051298869	0	2.521428244514	0	96.7011105800594
LILRA4	0.156845193	0	0.737694708442723	5.98753469	0.203400398255863	0	0	1.20697784307454	0	0	98.5896217586696
SYK	0.885281138	0.16619357	1.26704286074255	5.29169974	0.200057878023157	0.322819881140755	0.296154632199302	0	0.0000000239837792599709	0.849799816216656	98.3311677684363
NOSIP	0.05935997	0	0.198422802796133	4.203678705	0.198680141732677	0.786826690079987	0	0.714436960680864	0	0.0000000217074803236616	98.300056185799
OLFM4	0.086780628	0	0.459687988581418	5.633467319	0.196292474786832	0.486834693412191	0	0	0	0.0574246596884917	99.2594481721125
CCR5	0.233260832	0	0.558624137294674	5.172101805	0.196175796935216	0.0976488583230373	0.000000135281283568441	0.613093903225979	0.000000011731067122269	0.0724572686768319	99.0206240258266
CD36	1.097741188	0.47573372	1.38601014742931	6.85454531	0.187624406889295	0.14370142277292	0.0000000287335592092958	0	0.936408802259316	0.0000000110810030305193	98.7322653282639
NLGN1	0.068644115	0	0.238354816346929	5.398200061	0.166343815553948	0.293113168406056	0.318210478538386	0.00985209425651865	0.293168668874417	0.000000493164378041242	98.9193112812063
MKI67	0.388388765	0.026826991	1.15860384083312	6.510096508	0.164415555839878	0	0.0997625018533229	0	0	0	99.7358219423068
TNF	0.032930322	0	0.196791559134825	4.675942847	0.161736526687569	0.000000374134153138886	0.153824974158141	0.00000452923805068917	0.000000491815878018379	0	99.6844331039662
LAG3	0.11969386	0	0.38143562574342	4.277866965	0.159132327499076	0	0.00000846835229160906	0.862871427143993	0.554279024297363	0.00000178028246558644	98.4237069724248
KLRK1	0.355716246	0.013643892	0.953644304109226	5.752070333	0.14754709081468	0	0	0.0679943461388023	0.405153827598841	0.0000000704783841018217	99.3793046649693
PDGFRA	0.363780603	0.06979941	0.67545584006085	4.88117795	0.143895553069417	0.303218407396803	0	0.0187525054065137	1.57336056246439	0	97.9607729716629
VSIR	1.029998857	0.72128051	1.10874214243645	5.8649767	0.142634138133741	0	1.07059398515858	0.455856214855929	1.22520523842654	0.444954054623865	96.6607563688013
CCR3	0.043199211	0	0.274663004868843	5.014719292	0.138098021389048	0.00000195327403070965	0.000000294940100010406	0.000000710479079063422	0	0.000000435439444639251	99.8618985844783
CCR6	0.106813166	0	0.410600560390964	5.630866049	0.13419655499385	0	0.584411634589718	0	0	0	99.2813918104164
CCL3	0.081172309	0	0.275512328119162	4.915267487	0.125577105009158	0.588206394914968	0.179906194774521	0.0000000161591400119032	0	0.0739121076512007	99.032398181491
ADM	0.353511605	0.10896745	0.669266024761719	5.61394169	0.124887118754613	0	0	0.190801853481876	0.906593656358521	0	98.777717371405
IFNB1	0.045544924	0	0.337036192850986	6.465591146	0.123567121497443	0.330983144229171	0	1.23894465003525	0.0000000216121018731551	0.169756235846106	98.1367488267799
STAT4	0.402043737	0.063595946	0.841954816267489	5.052181426	0.11078290719203	0.459408546581799	0.292146641620029	1.9552638946563	2.82056869871884	0.0000000819517631601356	94.3618292292792
SPARCL1	1.359945484	0.79402986	1.52305449586216	6.85196394	0.110098617588943	0	0	0.000000019912238528647	0.378187009714117	0.000000218410580122025	99.5117141343741
NKG7	0.178668684	0	0.624672464711442	5.619924948	0.102954059563142	0.0000000486423890710241	0	0	1.21628716177232	0.0000000182178761283857	98.6807587118043
KLRC1	0.13829845	0	0.454922313640255	5.289870103	0.0976823082248154	0.0000000180901564840619	1.26547406366951	0.0852777527793393	0	0	98.5515658572362
LRP1	2.020348612	1.54137511	1.74195120862677	6.5178497	0.08321126278908	0	0	0	1.35323795100204	0	98.5635507862089
NELL2	0.116562392	0	0.336461306322485	3.104081349	0.0790775638043325	0	0.0569811002583464	0	0.768212497093885	0	99.0957288388434
CXCR6	0.174111497	0	0.489324281368926	4.218202173	0.0705489500738393	0.281924999726826	0.0687419229933069	3.50349408590612	0.871632275949914	0.000000192690804374446	95.2036575726592
RGS1	0.645816323	0.079489206	1.05158766546125	5.774444654	0.0699149352572438	2.69294925302355	0.00009749299336725	1.08726127936583	0.104001584988353	1.07582670683304	94.9699487475386
IRF3	0.207577993	0.07687367	0.356021712528064	5.22809761	0.0673934140601542	0.170135998387554	0.00000018617618753383	0	5.39439707146031	0.0000000749251916141874	94.3680732549906
EOMES	0.108675758	0	0.36632699019617	3.008938692	0.0644775046124723	0	0.449562162842822	0.462696126666344	0.000000550120227967515	0.458917894298269	98.5643457614599
CD28	0.523228189	0.057965832	0.90833571910689	5.630866049	0.062853149729561	2.13012271821914	0	0.721537703220119	2.64333180435444	0.000000103796923694291	94.4421545206798
PRDX4	0.620195414	0.41116539	0.795231772199331	5.39178252	0.057999450331483	0.289412254538216	0.377308345260889	0.00000208234819975612	4.89535492468068	0	94.3799229428405
CCL26	0.023160352	0	0.0655268315023247	1.025969153	0.0565593701224314	0	0	0.0000000144888827236386	0.622026364268344	1.09771815829299	98.2236960928274
FASLG	0.113273357	0	0.389227342170782	4.675942847	0.0561417669353795	0.00000018405802770067	0.0516207975208383	0.017279142782822	0.0916861846598794	0.502597394800489	99.2806745292426
PDCD1	0.035971413	0	0.206612277770716	4.107134051	0.0553450522926889	0.311790158574478	0.00000137461423255848	1.04250239299917	0	0	98.5903610215194
IGFBP7	2.105668048	1.55590158	1.82673651861231	7.13620412	0.0528422149587053	1.42021196189781	0.0346553123063026	0.000000027830214508507	1.16942621930654	2.88985554239465	94.4330087213058
CDK4	0.37968561	0.23524662	0.590358421575931	6.44517741	0.0396292027601952	0.0849533441898757	0	0.104776330288379	0.0568577782470853	0.678698286980756	99.0350850575337
NLRP3	0.307395592	0.015722117	0.619015538519961	4.915267487	0.0366707406604554	1.5292640963558	0	0.0673907784835664	0	2.52273087953821	95.843943504962
SIGLEC10	0.207075999	0	0.423691684199254	3.442121529	0.0315578454030493	1.93766515637787	0.000000290298441196569	0.891339576659488	0	0.649803411767092	96.4896337194941
ID1	0.136484937	0	0.36893302477388	2.742843144	0.0283410696419143	0.3220175842895	0	0	1.65018999364058	1.32369712791657	96.6757542245114
LRRN4	0.145203479	0	0.622917991266446	4.772510395	0.0211011107335689	0	0.0000000217118634783543	0.0000000585945873458607	1.69544841061783	0	98.2834503983421
STAT2	1.523158554	1.41318156	1.14050432659039	5.82764248	0.0154764573841279	0	0	0	0	0	99.9845235426159
KLRD1	0.106063773	0	0.348250724666385	3.284283866	0.00100429046742408	0	0	0.241256877040826	0	0	99.7577388324917
IGHG3	0.337255625	0	0.935337400596528	6.804226156	0.0000160118425242879	1.28846263045814	0	0	1.47561045515161	0.803973458312558	96.4319374442352
EPOR	0.211522969	0.06415769	0.4455617402398	5.86294028	0.00000561625497358869	0	0	0	0.000000031924294854412	0	99.9999943518207
ICAM1	0.374226583	0.1776193	0.541612507101525	4.86252267	0.00000256548526232476	1.64879353556681	0.594974972042156	1.47130159332837	1.22896589648202	0.360859502913012	94.6951019341824
ITGAX	0.679752501	0.037504025	1.26628474829636	6.448555102	0.00000197706527957724	2.14074734212047	0.0751850336856328	0	2.55317295630494	2.65860485426463	92.572287836559
EDIL3	0.244883374	0.033744923	0.522146124787972	4.844029928	0.00000160648685076112	1.15070398973402	0	0	0.675217066653958	0	98.1740773371252
IL7R	0.549045296	0.042414931	1.20649271236956	6.049980565	0.000000445294206994136	1.44201883834671	0.374852876815655	1.45399823020002	2.20487381385593	0	94.5242557954875
XBP1	1.221661037	0.98616025	1.14379311377474	6.04267843	0.00000044265710693958	0.220750088503633	0.00000346618756700936	0	0	0.00000111432292791175	99.7792448883288
SLC1A3	0.422575442	0.04649221	0.857300427133883	6.32841864	0.000000408180368191199	0	0.0000000546355346117534	0.000000136779622215121	0	1.79510650319988	98.2048928972046
SPON2	0.397907307	0.10550713	0.723632123544672	5.8426986	0.000000321752863724575	0	0	0.0000000786982492315537	4.96867584101706	0.00000665663507340095	95.0313171018968
CLEC12A	0.461588537	0.052510678	0.943977209001081	6.256915173	0.000000271027759611076	2.61057930470907	0	0	0.00000485982485172922	7.94494809511493	89.4444674693234
REG4	0.121025544	0	0.610003023424904	6.204902353	0.000000195262316190185	4.63279613496089	0	0	0.000000204056326002665	0.000000294586769777359	95.3672031711337
CTNNB1	1.988252371	2.0341619	1.27013719566041	6.8519639	0.000000123453812812999	2.23344006914805	0.00000599602398508608	0.00000840042180515372	0.498957844125034	0.0000000748993120712376	97.267587491928
TCL1A	0.085954086	0	0.398624027117407	5.85708949	0.000000104876427777155	0	0	0	0.176658270604868	0	99.8233416245187
CDH11	0.720887213	0.27208423	1.09592474547632	5.90203805	0.0000000967743732791228	3.10219219753846	0.000000141202917104152	0.00000444196303976032	1.58551838125737	0.808941698453952	94.5033430428099
SMAD3	0.787265306	0.55154026	0.870505672304436	5.75040117	0.0000000762887319417809	2.77297315430609	0	0	1.39267803570858	0	95.8343487336966
MMP11	0.073926013	0	0.261512732747314	4.714853826	0.0000000731022774674901	3.7568567294866	0.484312403077255	0	0.4259126851081	0.000000137514594047401	95.3329179717112
ITGA1	0.628714213	0.22227822	0.916879970149949	5.41735596	0.0000000542217940238954	1.44182961051293	0.0000000264840650088213	0.597933440389578	0.52693923478972	0.00000377568387200784	97.433293857918
CXCR4	0.570971628	0.044007498	0.983603132408959	5.646693287	0.0000000522629426291312	0.860228573285052	0.000000129135001440016	0.226033237949204	0.295028521561712	0.0000000319480831927323	98.618709453858
CX3CR1	0.110212642	0	0.287873480146466	2.210064504	0.0000000469001407283829	7.98729207622664	0.00000362004125896021	0	0.99064122301349	0.00000539831591152027	91.0220576355026
DPEP1	0.044178421	0	0.162636326197427	2.173269021	0.0000000440027448283332	0	0.814406143558392	0	0.0000000257811819979467	0	99.1855937866577
CCL11	0.024545277	0	0.0677282558613103	0.864430496	0.0000000413490623553539	1.15997614044775	0.0000000185228708794741	0.0000000375191845279138	0.00000130319800059465	0.000000270098689815653	98.8400221888645
CXCL14	0.944541408	0.5182379	1.16076992552448	5.98232715	0.0000000397794846386669	5.52081723325713	0.000000016593156736504	0	3.39841028430673	0	91.0807724260635
ASCL2	0.07429004	0	0.288379074995365	4.292301257	0.0000000371351608037924	0	0	0.000000475949952737194	2.33011135818967	0	97.6698881287252
GPIHBP1	0.066814618	0	0.26370045248937	4.973417616	0.0000000345355575012899	0	0.106633606637215	0	0.921135598087216	0.0511617050085627	98.9210690557314
PDCD1LG2	0.171313312	0.04020822	0.359402447991701	4.60804215	0.0000000327640618804504	0.245648703634531	0.00000051009337804349	0.339144273899097	0.958724620942528	0.000000000000111742921646399	98.4564818586663
NTRK1	0.05514178	0	0.185902775904593	2.269816817	0.0000000309723169289673	0	0.000000111169042607095	0	3.83412671645871	0	96.1658731413999
IL13	0.025270528	0	0.0873369051531826	1.416975483	0.0000000284669943256032	0	0.502500124874413	0.287078958749437	0.137952188041092	0.0545142669866624	99.0179544328814
CD40	0.28153666	0.08820243	0.487210090073809	5.398200061	0.0000000270900402723128	0	0	0	0	0	99.99999997291
IL4I1	0.06990086	0	0.20773534730476	2.7565518	0.000000026771707718129	2.23564175641189	0.0000000126301266440705	0	0.201170155763323	0.852052873325069	96.7111351750979
CXCL12	1.645905043	1.36093807	1.37830645516582	6.67909543	0.0000000259112383135775	4.85307793770087	0	0	3.34186581188459	0	91.8050562245033
TNFRSF25	0.554834935	0.15994233	0.884147229042906	6.44517741	0.0000000225500662862789	0.282146222192515	0.0000000552708704032159	0	0.734098953951152	0	98.9837547460354
MMP12	0.034931181	0	0.139350737534089	2.199123025	0.0000000208425057509973	0.277928565519122	0.000000119932992816249	0.369668781699124	0.427318021531194	0.0000000110353593914498	98.9250844794397
BMP4	0.097930116	0	0.266335756731525	2.653962897	0.0000000201749082098578	0	0.00673836467453494	0.000299514794487556	1.44597878934046	0	98.5469833110156
CDKN2A	0.063931451	0	0.183283549151812	2.323378551	0.0000000193014156664284	0.00000109908553936187	0	0	2.63253207771601	1.7719971578189	95.5954696460781
CCNE2	0.249014226	0.051676492	0.66494127634999	5.364420775	0.0000000192854625361273	0	0	0	0	0.0000000103246406275512	99.9999999703899
CENPV	0.107176133	0	0.282336509931696	4.203678705	0.000000018690987640917	0.0748034253806452	0	0.000000034894404864366	0.101560360698051	0	99.8236361603359
ZNF683	0.065936667	0	0.281472340921911	4.703178847	0.000000016615220951077	0	0	0.0000000922107538402914	0.959933027950914	1.08995812015399	97.9501087430691
FHIT	0.214639209	0.09018953	0.357302127508843	5.01471929	0.0000000152976678474728	0	0.0000000102648145899673	0.0000000412686307491202	2.08222110389594	0	97.917778829273
SPIB	0.139745902	0	0.499314898058058	5.302189525	0.000000014814991521773	2.13133290123814	0	1.56145730592585	0	0	96.307209778021
LCN2	0.055119073	0	0.372437369175615	5.308323588	0.0000000143331942423545	0	0.0000000332152761036827	0.0000000272942409781843	0.00000005477310881786	0	99.9999998703842
CD83	0.162868527	0.008224708	0.44677148035115	6.679095426	0.0000000139545097713997	2.06750754016284	0	0	0.179664998684616	0	97.752827447198
POSTN	0.768063588	0.28165978	1.16515953616193	6.47096373	0.0000000126942314813772	8.41501073829341	0.119722466728904	0	0.548508744011252	0	90.9167580382722
HPGDS	0.386155759	0.035966053	0.914036884239335	5.289870103	0.0000000105804945402575	1.71351059983342	0.00000243445588688873	0.00000329100313605917	2.32790302995807	0.00000127176357335712	95.9585793624054
SOCS3	0.610067019	0.31318049	0.804285715688494	5.40351035	0.0000000104314435825344	3.98653029951928	0	0	0.279759917728617	0.00000202984864937906	95.733707742472
CXCR1	0.081046722	0	0.383795441186814	4.49569426	0.0000000100193676951112	0	0	0	0.186829964271568	0.000000031084017457561	99.813169994625
CD34	0.553354329	0.2026886	0.990287800690179	5.8689014	0.00000000000000215361247918983	0.242623219926623	0	0	2.59778715998126	0.0000000284008902451097	97.1595895916912
ADAM28	0.435005439	0.050953734	0.866810412449238	5.289870103	0	0.0000000114908854091584	0	0.389392998921243	0	2.45914443812345	97.1514625514644
AIRE	0.025333141	0	0.193744741477972	3.826197686	0	1.04685892169408	0	0.213646443744444	0	0	98.7394946345615
ANGPTL4	0.110466919	0	0.315654589541357	4.32631153	0	0	0	0.341265541371967	0.765321038529182	0	98.8934134200988
APOE	0.361991329	0.14908648	0.667519693147541	6.86114964	0	1.71786878879346	0	0.000000107550323447208	0.526050022080628	1.36997069008797	96.3861103914876
AQP5	0.021596294	0	0.0783313420089561	1.056012564	0	0	0	0	0	0	100
AREG	0.175292023	0	0.565567704311484	5.918559333	0	0.882409206439332	0.141883858272035	2.5167084747261	0	0	96.4589984605625
ARG1	0.048100971	0	0.218414785316742	4.177076714	0	0	0.0000000731550530939033	0	0	3.21307451440661	96.7869254124383
BANK1	0.257033779	0.016061633	0.825866910553763	6.238018641	0	0	0	0.421570250224418	0.0000000197162046372657	0	99.5784297300594
BCL2	0.951215022	0.49955843	1.18568943463939	5.66185858	0	0	0	0	0.263954913178005	0	99.736045086822
BGN	1.412193079	0.94070047	1.46438656453862	6.13901024	0	6.65409025694473	0.000000042579798240057	0	1.45506186128461	2.45563231030959	89.4352155288813
BMPR1B	0.085731315	0	0.183146265868748	2.091168385	0	0.0423816780021653	0	0.0000000410429228639571	0.651217573818328	0.0000000126344606083808	99.3064006945021
C1R	1.567185955	1.00730922	1.58733310293837	6.71258888	0	1.29118416318685	0	0.0000000109640699919483	3.11828100950097	0	95.5905348163481
C1S	1.599805526	0.95436685	1.65264229986679	6.11189076	0	1.91701737156916	0	0	2.59393384848807	0	95.4890487799428
CA9	0.053654227	0	0.243433187084822	3.635165164	0	0.000000694312794791767	0.0000000302999413169927	0.858130385800395	1.6458484319959	1.4161022075487	96.0799182500423
CCL14	0.329296462	0.045844979	0.746755228046256	6.024830654	0	0	0	0	2.00396023551127	0	97.9960397644887
CCL16	0.078320894	0	0.304130432435371	4.476335708	0	0	0.446095187682163	0	0	0	99.5539048123178
CCL19	0.201312445	0	0.735339242980411	6.851963944	0	0.0000000184879250649493	0.0000467425566475627	0	1.85376563976429	0.00000023749351962432	98.1461873616976
CCL21	0.362626207	0	1.24260921015495	7.111229225	0	0	0.0714537264503587	0.0000000337855912443685	1.23358589096417	0.0000000263696741837759	98.6949603224302
CCL28	0.13055183	0	0.300187700606447	4.724640565	0	0	0	0	0	0.0000000706719961509433	99.999999929328
CCL3L1	0.07133238	0	0.205495372306164	2.198303203	0	2.30731122213704	0	0	1.42563609276819	0.509228440144267	95.7578242449505
CCL7	0.034316177	0	0.129416956117196	2.199123025	0	0	0	0	1.1317724169478	0.0000000114207102318135	98.8682275716315
CCND1	0.565124343	0.30297053	0.802719027836672	6.02483065	0	0.616287393292718	0.869711123071105	0	5.45151232866306	0.000250498769477481	93.0622386562036
CCR2	0.315456155	0.03913373	0.678040456668124	4.940119685	0	0	0	0	0	0	100
CD1C	0.17401674	0	0.511871133534125	5.702787359	0	0.00000141009509411418	0	0.0136446642879727	1.87253909144398	0.0000772948402967504	98.1137375393327
CD27	0.19272456	0	0.548678279308886	5.630866049	0	0.0000000168493965438768	0	0	0.0000000826393084496127	0	99.9999999005113
CD276	0.448227479	0.24072249	0.601114669409642	5.82420687	0	0.845690494352713	0.0190763780160317	0.711483501321436	2.06721963089914	0	96.3565299954107
CD38	0.288562782	0.057628442	0.638268265173415	5.853497658	0	2.64904024191121	0.000000300779461190259	0	0	0.0000141956949517857	97.3509452616144
CD79B	0.082330887	0	0.366858128735615	5.398200061	0	0.0000000191951901392484	0	0.176768261010785	0.89378784403772	0	98.9294438757563
CD80	0.167460683	0.022900955	0.406778314380369	4.473085985	0	0	0	0.714061626141141	0	0.79883696446961	98.4871014093893
CD81	1.793341113	1.75216854	1.2707297494002	6.75473689	0	1.01162000987573	0.0000000397533429135808	1.65264730589029	0.429106388958271	0.395352448651966	96.5112738068704
CD9	1.063569969	0.54497408	1.27558787407463	6.5428958	0	0	0	0	0	0.000000479644404514146	99.9999995203556
CDK2	0.420204439	0.23218818	0.671738741984449	5.01471929	0	0	0	0.166520234356374	0.340477092153124	0	99.4930026734905
CDKN1C	0.073109953	0	0.220261061529569	4.218202173	0	0.644504136284308	0.181062988872615	0.413908068452111	0.36020160151134	0	98.4003232048796
CDKN2D	0.157733985	0.01691098	0.492150451803988	5.939561721	0	0	0	0.0000000116487872571517	0	0	99.9999999883512
CDON	0.33788774	0.047055767	0.742405373343421	6.020656471	0	0	0	0	0	0	100
CDX1	0.040034383	0	0.276907081587393	4.747886974	0	1.81961101271501	0	0.0000000149917012617565	0	0.0000000463725025577366	98.1803889259208
CDX2	0.059813691	0	0.344905512466855	4.690937664	0	0	0.0804323064758805	0.0344673547426998	0	0.0000000165924617864268	99.885100322189
CEACAM6	0.130152602	0	0.608057700804962	5.942533841	0	1.99274679980207	0.0000000242617815480364	0	0	0	98.0072531759361
CFC1	0.046664843	0	0.150231132273073	2.766730382	0	0	0.642773161063307	0.0000000109167609559387	1.68339360957383	0	97.6738332184461
CHI3L1	0.120053916	0	0.363945123919521	5.370433097	0	1.80457625590241	0	0.614620949405764	0.687403864618232	0	96.8933989300736
CHIT1	0.041750281	0	0.195630432180833	4.220300997	0	0.677605116971139	0.0000000551672398288876	0	0.955261232240857	0.359047342497076	98.0080862531237
CNTN1	0.076025414	0	0.216607737908563	2.712742463	0	1.13966945253018	0	0	0	0	98.8603305474698
COL10A1	0.081298576	0	0.206809881187088	2.516651288	0	3.55683496702436	0	0	0	0	96.4431650329756
COL5A1	1.269952009	0.6265422	1.50108054653397	6.81090667	0	3.21868703577825	0	0.0000059343385298725	0.536510905894363	0	96.2447961239889
CPA3	0.274404812	0	1.13220256283357	7.07177404	0	0	0	0	2.74947006879438	0	97.2505299312056
CSF1	0.603821543	0.26581819	0.78327349737527	5.88379589	0	0.0000000546620161715852	0.00000247780292381811	0	0	0.0000000695283956977811	99.9999973980067
CTLA4	0.259152571	0.020819234	0.806081944891871	6.322218886	0	0.0000000112786866413749	0.0000000690478537148207	0.00226409925283937	2.49004368645886	0	97.5076921339618
CTSL	0.200677944	0.02792727	0.460996997947917	4.203678705	0	1.3431183923881	0	0	0.000000103988236985193	0.697119134540037	97.9597623690836
CTSW	0.128320712	0	0.438362705002519	5.370433097	0	0	0.0000000197326355990072	0.00000448022065602036	0.0000000234885468317367	0.00000020464575086084	99.9999952719124
CXCL1	0.114457596	0	0.335624886363627	3.406772247	0	0	0	0	1.41246137173098	0	98.587538628269
CXCL11	0.070628902	0	0.28592248031093	5.014719292	0	0	0	0	0	0	100
CXCL13	0.072009088	0	0.287092156442994	4.724640565	0	0.279231517581071	0.20473722596954	0	0.0000000110825791416548	0.117128786332218	99.3989024590346
CXCL16	0.22515506	0.019348797	0.449613431141253	4.509959591	0	1.75182787863963	0.000000174573095476103	0.0000201346299496528	0	0.853881035749867	97.3942707764075
CXCL5	0.061691645	0	0.275110178734286	6.294857583	0	0.000000103080548542116	0.00000165470827884575	0	0.0000000618162184993724	0	99.999998180395
CXCL6	0.145783632	0	0.514153424423798	5.014719292	0	0.0000000102871716640346	0.0000000261369775354642	0.250504066386834	0	0	99.749495897189
CXCL9	0.045690951	0	0.293925159348914	5.366839666	0	0	0.221895692538137	0.051541244928478	0.000000515067496382291	1.31448589167574	98.4120766557901
CXCR2	0.176183789	0	0.636294095515784	6.211179086	0	0	1.3223948371759	0	0.640008116776875	0	98.0375970460472
CXCR3	0.111620911	0	0.451265193690786	5.682444606	0	0.723273263217941	0.26355527534071	0.0000000116040060194089	0.000000127102871357959	0.0000000701164959695196	99.013171252618
DCN	1.834526198	1.26244876	1.73835332144268	6.40509049	0	1.08993897733246	0	0.0594236382735638	2.81452087984861	0	96.0361165045454
DMBT1	0.037043976	0	0.303795409831579	7.139192192	0	0	0	0.778916423900822	0	0	99.2210835760992
EGF	0.041093845	0	0.235752694623662	3.942088038	0	0.382082605795608	0	0.652013306686151	0	0.149983502607154	98.8159205849111
EGFR	0.281643419	0.04466304	0.541582819436773	4.60804215	0	1.28455243231896	0	0.0000707997795272179	1.21916830201925	0.636655123454858	96.8595533424274
EGR3	0.200871195	0.043459457	0.442435362936123	5.613097565	0	0.0000000179499298733636	0.0000000890520976374924	0.824928569980822	0.817511690380208	0	98.3575596326369
EPCAM	0.175401841	0	0.712105997543271	5.98280842	0	1.32212571779567	0	0.906585712278445	0	0.000000050442707160138	97.7712885194832
EPHB2	0.20017702	0.033345265	0.364749070434473	4.608042149	0	0	0.0000000368366647839284	0	0.0000000110993459437967	1.40380492653453	98.5961950255295
EPO	0.021463604	0	0.128069786898542	2.252621976	0	0	0.0000000193409432610441	0.614891809334467	0.601699006157429	0	98.7834091651672
ERBB4	0.065556198	0	0.212498021457334	3.406772247	0	0.424339477914443	0.0335924102143075	0	0	0	99.5420681118713
ESR1	0.098231921	0	0.301261256651165	4.915267487	0	0	0.653267427078224	0.057482514870795	0.322409742576316	0	98.9668403154747
F11R	0.393170037	0.145520012	0.675966334887231	6.294857583	0	0.0000000126282779903851	0.933599576238011	0	1.76136592558981	0	97.3050344855439
FABP3	0.171195186	0.043955561	0.391982801504197	4.491355009	0	0	0.785020166357164	0.0859345355145949	0	0	99.1290452981282
FAP	0.506963862	0.15513696	0.876771496412799	6.02065647	0	1.78629765863537	0	0.0000339184257788886	0.0303585745377354	0.00000213352019917097	98.1833077148809
FCER2	0.113154824	0	0.436677072647155	6.238018641	0	0	0	0	0	0	100
FCGR2A	0.979811527	0.148602398	1.49589454452977	5.876277126	0	2.42703832801595	0.76899413531817	0	0	2.27073477137309	94.5332327652928
FEZ1	0.163460534	0.03263591	0.34541377880019	5.30532757	0	0.232790331489548	0	0	0	0	99.7672096685104
FGR	0.394785242	0.019901032	0.807800034207914	5.415775137	0	1.00452495425209	0	0.0497394879607889	1.44610102624786	0.827903672045724	96.6717308594935
FLT1	0.343376671	0.06770562	0.839887837485157	4.85785134	0	0	0.0000000526817426275627	0	1.83558491125039	0	98.1644150360679
FLT3	0.133382455	0	0.446255204995544	4.760608648	0	0	0	0	2.30576673014469	0	97.6942332698553
FLT3LG	0.132607192	0	0.323971527639528	2.721108168	0	0	0.206264627486577	2.7880091949249	0.445292031245444	0	96.5604341463431
FN1	0.762451464	0.33258526	1.08436786650172	5.86294028	0	2.08724530955071	1.06900440706883	0	2.33310078867437	0.000000013218584270465	94.5106494814875
FOLR2	0.250369871	0	0.583957541749739	4.805681462	0	0	0	0	0	0	100
FOXP3	0.116115527	0	0.652716246268744	6.471220603	0	0	0.0000000100612878514556	0	0.0000000178887635213327	0	99.9999999720499
GATA2	0.304455939	0	1.0052885590133	6.851963944	0	0	0	0	1.2676293567122	0	98.7323706432878
GATA3	0.276968115	0.01460811	0.665249169205218	5.104589726	0	3.75361005175494	0	0.255736848492466	2.89595036949146	0.0000000760842107626296	93.0947026541769
GATA6	0.448350543	0.12518853	0.807388400404416	4.84402993	0	0.00000040626446599965	0	0.000000101307962732272	0.626217744764718	0	99.3737817476628
GPNMB	1.065071806	0.66824912	1.18325744199774	6.32245127	0	0	0	0	1.71233856548806	0.933975763530549	97.3536856709814
HBEGF	0.217802635	0.035054897	0.515603628993394	6.105950691	0	0	0.117224372487031	0.107731794628842	0.378490426930954	0.0000000341518589493681	99.3965533718013
HLA-DQB1	0.557693725	0.071574513	0.997729001825281	5.398200061	0	1.94580819003867	0.000669111136263911	0.000000746594484285572	1.56512665459957	5.4846930521758	91.0037022454552
ID4	0.367249166	0.09173196	0.646841192038183	5.01471929	0	0	0.211322747221709	0	0	0	99.7886772527783
IDO1	0.087957841	0	0.3302400151552	5.565683307	0	0.933799706310417	0	0	1.47439749776799	0	97.5918027959216
IFIT2	0.234537878	0.094043008	0.500885642191137	6.008978614	0	0	0.747241142084584	0	0	0.0000000744904520044241	99.252758783425
IFNL1	0.008879326	0	0.0317679875251196	0.303157815	0	1.90598074738961	0	0	0	0	98.0940192526104
IGLC3	0.128531348	0	0.55922419173822	5.829275427	0	0.485265317302252	0.0722484880781922	0.000000026928405222779	0.76690958398704	0.000000192056177867768	98.6755763916479
IL12B	0.024032382	0	0.0687005464756206	0.75914457	0	0.718265745715068	0.000000691536911770467	0	0	0.0000000337063855234822	99.2817335290416
IL13RA2	0.033101118	0	0.120587335069051	1.710170908	0	0	0	0	0	0	100
IL15RA	0.166368131	0.05507953	0.302891785290742	4.26925728	0	0	0	0.181734502398445	0.731893669745566	0.0000000140294337212965	99.0863718138266
IL1A	0.0279805	0	0.166844922061639	4.269257276	0	1.42265556020792	0.0399935146833328	0.000000240490617142431	0.129932521155943	0.0000000130139244215479	98.4074181504483
IL1R1	0.875224809	0.56704617	0.998210916679577	5.50810878	0	1.69256578900546	0	0	0	0.000000000000000754224558285087	98.3074342109945
IL22RA2	0.038392218	0	0.202268358915071	4.714853826	0	0	0.152710972716177	0	0	0.0905844071829924	99.7567046201008
IL23A	0.084839011	0	0.263510465761397	4.539224996	0	0	0.172496387858782	0	0.0000000181454924867843	0.446939042118075	99.3805645518777
IL4R	0.72342709	0.5892276	0.72991198013244	5.40351035	0	0.000000164103187780559	0	0	0.699628161635843	1.31846366425757	97.9819080100034
IL5	0.03929418	0	0.207577695221969	5.305327565	0	0	0.1964500527288	0	0.424901784540834	0	99.3786481627304
IL6	0.122241649	0	0.317199663931861	3.45437739	0	0	0.491828986402149	1.11102200480884	1.0046256149191	0.326335151391509	97.0661882424784
IQGAP2	0.849876428	0.39117529	1.06058925684841	5.63086605	0	0	0	0	0	1.17536039420548	98.8246396057945
ITGAV	1.096333442	0.82960558	1.02670791728662	5.85708949	0	1.63024108936571	0.0000000127801098372766	0	2.52673513638256	0.0891262883664612	95.7538974731052
JUN	1.220094686	0.98445718	1.16526981185192	5.87627713	0	5.35513995766227	0	0	1.29104169883307	0.256375764674874	93.0974425788298
KIT	0.294997214	0.007839511	1.02167862365485	6.661208313	0	0	0	0	2.88549715702031	0	97.1145028429797
KLRB1	0.254348579	0	0.63400960417397	5.343733699	0	0.0984486022935388	1.73310573955498	2.27658297757384	1.0041366182902	0.000142320065745188	94.8875837422217
KLRF1	0.142548563	0.02852202	0.301356922778967	2.55168551	0	0.0000000611307236517076	0.00325574989410484	0.321782307552483	0	0	99.6749618814227
KMT2C	1.120508814	1.05103873	0.945455680252889	5.85708949	0	0.0000000339072902280921	0.0000000689792810324928	0.000000162431846799914	0	0.000000124977826455865	99.9999996097038
LAMP3	0.060886779	0	0.186035191514051	2.020190832	0	0.139711035105544	0.0000000100327943771043	0	0.658484406735023	0	99.2018045481266
LIF	0.267884253	0	0.775280286008828	5.305327565	0	0	0	0	2.65789253838398	0.0000000189386207084694	97.3421074426774
LUM	1.322432872	0.72397113	1.52112247351684	6.92557745	0	0	0.000000024330895038207	0.746935181974757	1.23176608216599	1.2696234244965	96.7516752870319
LY6E	0.20065924	0.06868302	0.366086268055095	3.45437739	0	1.44218347314564	0	0	1.0070773858708	0	97.5507391409836
LY86	0.192651369	0.007488125	0.436693517192431	5.160510802	0	0	0.0000000663225431154805	0.0000000339041427947946	1.18903971443328	1.47650812090932	97.3344520644307
LYZ	0.883239794	0.167147223	1.42798485045904	7.776869421	0	3.99681663272052	0	0.000000107034077805858	0.0000000258883866566944	1.13096355432745	94.8722196800296
MCAM	0.518093225	0.094730331	1.04038587564992	6.283676377	0	0	0	0	1.66622281617399	0	98.333777183826
MCEMP1	0.044371729	0	0.192642434154553	4.107134051	0	0.000000125344822894618	0	0	1.0305063113732	0	98.969493563282
MET	0.208398646	0	0.530338149623576	3.45437739	0	0	0	0	2.20952666887035	0.349303940459282	97.4411693906704
MGP	1.50093258	1.09654189	1.42186232765164	6.60998459	0	7.65994199474815	0	0.0000000288267739346944	0.000000112101523850517	0.000000124129508070073	92.3400577401941
MME	0.162740225	0	0.477070023439145	4.394259241	0	0	0.173469136508515	0	0.639539036906425	0	99.1869918265851
MS4A2	0.226114753	0	1.00297325080181	6.352619432	0	0	0	0.000000358549343522929	3.82537021086052	0	96.1746294305901
MSLN	0.176630809	0	0.695271252351881	6.465591146	0	0	0	0	0.0000000713815616803376	0.0604560150095604	99.9395439136089
MT1G	0.126994594	0	0.306988620020251	4.476335708	0	0	0	0.23641624035258	0.624479225335484	0.0000345555919330842	99.13906997872
NCEH1	0.271509021	0.0857415	0.513566592103534	5.06491601	0	3.24697252268152	0.0000000153233529067859	0.000000013567366019422	0.000000129355013994759	0	96.7530273190727
NLGN3	0.041484433	0	0.122955412672516	1.831801992	0	0	0	0	0.295367767997797	0	99.7046322320022
NOTCH3	0.443378624	0.07926772	1.0401851016669	6.62510198	0	0	0.302472515345959	0.0000000102806656568016	0.154929452883188	0.521835279738501	99.0207627417517
NPW	0.011197805	0	0.172355410087898	4.747886974	0	0.000000372842304251092	0	0.000000306152314231903	0.400392179946568	1.79601295230442	97.8035941887544
NRP1	1.231973734	0.70453546	1.30970108384482	5.98232715	0	0	0	0.070551837858008	1.22479163807338	0	98.7046565240686
NRXN2	0.086672732	0	0.284922515706738	5.82927543	0	0	2.02680841975948	0	0	0	97.9731915802405
NT5E	0.432671491	0.18559173	0.691786919054195	6.03139824	0	0	0.425445355841038	0	4.11599061647026	0.0000000349680134226939	95.4585639927207
ORC6	0.231001574	0.024964	0.682333775970152	6.67909543	0	0	0	0	0.178532705477311	0	99.8214672945227
P2RX1	0.275738953	0	0.7940011266064	6.105950691	0	0.712253295634536	0.0000000144428257735846	0.0000000631740335677033	0.337261841931759	0	98.9504847848169
PDGFB	0.336231316	0.048289626	0.656453702173967	5.686676827	0	0	0	0.000000288647693314383	5.50211363958638	0	94.4978860717659
PDGFRB	0.517823484	0.146519087	0.909532748436582	4.881177954	0	0	0	0.0000000597898652381386	0.420483492444004	0	99.5795164477661
PDPN	0.419745797	0.085517885	0.869594377123829	5.523152389	0	0	0.0576581329807021	0	0.0000000332588908240298	0.000000189214749286759	99.9423416445457
PGA5	0.041862953	0	0.129915169514983	2.07426264	0	0	0.730927713224688	0	1.13884603299716	0	98.1302262537782
PIK3CA	0.581290195	0.4845263	0.635848006145054	5.41735596	0	0.674051169374677	0	0	1.65911352044544	0	97.6668353101799
PLD4	0.132721574	0	0.584263918648664	5.40607415	0	0.000000294217659215963	0	1.182009401888	0	0.000000152443063513721	98.8179901514513
PLEK	0.352862579	0.025015567	0.689915336489744	5.291699741	0	0	0.000000011037493124256	0.331677247510415	0	2.08706168293226	97.5812610585198
PRF1	0.173841286	0	0.564295421648805	4.675942847	0	0	0	0.0000000146452077608393	0.917148994337669	0.748901246679472	98.3339497443376
PTGS1	0.400586922	0.06956862	0.734110920764131	5.87171455	0	0.103948379557384	0	0	0	0.214590390449645	99.681461229993
RAMP2	0.278407297	0.020116495	0.741118480451321	6.251989613	0	1.88497975299154	0.0000000794646316370238	0.0000000101104279895406	3.1290012361289	0	94.9860189213045
RORC	0.093552138	0	0.290409943721237	2.663482531	0	0	0	2.32568998103062	0.644063371762669	0	97.0302466472067
RUNX3	0.360724	0.028484848	0.772815050780805	5.218444493	0	0	0	1.09483200383957	0	0	98.9051679961604
S100A8	0.333232567	0	0.934200715644384	6.024830654	0	2.60485077078605	0.0697389876532338	0.0000000230043868914074	0.39148200394988	2.2874201663457	94.6465080482607
S100B	0.202627698	0	0.686774494619439	6.003688404	0	0	0	0	0	0	100
SOX17	0.133781824	0	0.416018006111133	6.465591146	0	0	0	0.522315967031148	0.967048929535375	0.271759307197768	98.2388757962357
SPARC	1.848962047	1.3899755	1.59612264524832	6.32245127	0	5.34463613945327	0.000000446586530452675	0.0000000327577628529741	0.459583972663111	0.000000108402907211712	94.1957793001364
SPP1	0.344888212	0.04280316	0.760904037048269	7.166711964	0	3.1039457416137	0	0	0	4.95657608960111	91.9394781687852
TACSTD2	0.07773822	0	0.360705584522719	6.679095426	0	1.04066363289323	0	0	0	0	98.9593363671068
TBX21	0.145160223	0	0.452903124000688	5.133059155	0	0.0000000402062929788212	0	0.0000269926613556634	0.423921973308812	0.0000000358898896819796	99.5760509579336
TC2N	0.665140616	0.09884986	1.19702042206777	5.97156548	0	0	0.230132240169831	1.47983572516893	1.05124934326939	0	97.2387826913919
TLR1	0.664546416	0.19902613	0.984203453628525	5.41280088	0	1.29938763115408	0	0.0000000574059425123325	1.41703266559791	2.05572928649601	95.2278503593461
TNFRSF13C	0.213572377	0	0.728586247382968	5.415775137	0	0.0000000196052667747786	0	0.223598358299895	0	0.759356764602583	99.0170448574923
TREM2	0.098839847	0	0.284758116757017	2.51041122	0	6.00306253699976	0.000000584427414297914	0	0	2.21787031477067	91.7790665638022
TSPAN1	0.09980362	0	0.525416542876747	5.645002057	0	0.584510058503973	0	0.476175226924818	0.0000000147215890385529	0	98.9393146998496
VCAN	1.073314177	0.51178097	1.33095483046079	6.32245127	0	0	0.000000388890135170248	0	2.77651725001325	3.03750122645433	94.1859811346423
